PID,condition,gender,education,age,ethnicity,TP1,TP2,TP3,TP4,GAAIS1,GAAIS2,GAAIS3,GAAIS4,GAAIS5,GAAIS6,GAAIS7,GAAIS8,GAAIS9,GAAIS10,GAAIS11,GAAIS12,GAAIS13,GAAIS14,GAAIS15,GAAIS16,GAAIS17,GAAIS18,GAAIS19,GAAIS20,GAAIS21,TRUST_GP1,TRUST_GP2,TRUST_GP3,TRUST_GP4,TRUST_GP5,TRUST_GP6,TRUST_GP7,TRUST_GP8,TRUST_GP9,TRUST_GP10,TRUST_GP11,MAILS1,MAILS2,MAILS3,MAILS4,MAILS5,MAILS6,MAILS7,MAILS8,MAILS9,MAILS10,MAILS11,MAILS12,MAILS13,MAILS14,MAILS15,MAILS16,MAILS17,MAILS18,LIKELIHOOD_ACCEPT,ECZEMA_EXPERIENCE,ECZEMA_SEV,XAI_EVAL1,XAI_EVAL2,XAI_EVAL3,XAI_EVAL4,XAI_EVAL5,XAI_EVAL6,XAI_EVAL7,XAI_EVAL8,TRUST1,TRUST2,TRUST3,TRUST4,TRUST5,TRUST6,TRUST7,TRUST8,TRUST9,TRUST10,TRUST11,TRUST12,ABILITY1,ABILITY2,ABILITY3,ABILITY4,BENEVOLENCE1,BENEVOLENCE2,BENEVOLENCE3,BENEVOLENCE4,BENEVOLENCE5,INTEGRITY1,INTEGRITY2,INTEGRITY3,INTEGRITY4,INTEGRITY5,SDS_RELIABILITY1,SDS_RELIABILITY2,SDS_RELIABILITY3,SDS_RELIABILITY4,SDS_RELIABILITY5,SDS_RELIABILITY6,SDS_RELIABILITY7,SDS_COMPETENCE1,SDS_COMPETENCE2,SDS_COMPETENCE3,SDS_COMPETENCE4,SDS_UNDERSTANDABILITY1,SDS_UNDERSTANDABILITY2,SDS_UNDERSTANDABILITY3,SDS_UNDERSTANDABILITY4,SDS_UNDERSTANDABILITY5,SDS_INTEGRITY1,SDS_INTEGRITY2,SDS_BENEVOLENCE1,SDS_BENEVOLENCE2,SDS_BENEVOLENCE3,SDS_BENEVOLENCE4,SDS_BENEVOLENCE5,SDS_AMIABILITY1,SDS_AMIABILITY2,SDS_AMIABILITY3,SDS_AMIABILITY4,PANAS1,PANAS2,PANAS3,PANAS4,PANAS5,PANAS6,PANAS7,PANAS8,PANAS9,PANAS10,PANAS11,PANAS12,PANAS13,PANAS14,PANAS15,PANAS16,PANAS17,PANAS18,PANAS19,PANAS20,EMBODIMENT1,EMBODIMENT2,EMBODIMENT3,EMBODIMENT4,EMBODIMENT5,EMBODIMENT6,EMBODIMENT7,EMBODIMENT8,EMBODIMENT9,EMBODIMENT10,EMBODIMENT11,EMBODIMENT12,EMBODIMENT13,EMBODIMENT14,EMBODIMENT15,EMBODIMENT16,MPS_PHYS1,MPS_PHYS2,MPS_PHYS3,MPS_PHYS4,MPS_PHYS5,MPS_SOCIAL1,MPS_SOCIAL2,MPS_SOCIAL3,MPS_SOCIAL4,MPS_SOCIAL5,MPS_SELF1,MPS_SELF2,MPS_SELF3,MPS_SELF4,MPS_SELF5,COMRADE_SATISFACTION1,COMRADE_SATISFACTION2,COMRADE_SATISFACTION3,COMRADE_SATISFACTION4,COMRADE_SATISFACTION5,COMRADE_SATISFACTION6,COMRADE_SATISFACTION7,COMRADE_SATISFACTION8,COMRADE_SATISFACTION9,COMRADE_SATISFACTION10,COMRADE_CONFIDENCE1,COMRADE_CONFIDENCE2,COMRADE_CONFIDENCE3,COMRADE_CONFIDENCE4,COMRADE_CONFIDENCE5,COMRADE_CONFIDENCE6,COMRADE_CONFIDENCE7,COMRADE_CONFIDENCE8,COMRADE_CONFIDENCE9,COMRADE_CONFIDENCE10,PROFESSIONALISM1,PROFESSIONALISM2,PROFESSIONALISM3,PROFESSIONALISM4,PROFESSIONALISM5,ANTHRO1,ANTHRO2,ANTHRO3,ANTHRO4,INTELLIGENCE1,INTELLIGENCE2,INTELLIGENCE3,INTELLIGENCE4,INTELLIGENCE5
1,1,2,5,38,1,5,5,5,3,5,4,5,5,5,5,5,5,5,5,5,5,5,5,5,1,5,1,6,5,7,6,4,6,5,5,5,5,6,4,5,4,6,6,6,6,6,5,5,5,5,5,5,6,5,5,5,5,6,5,62,2,,4,4,4,4,4,4,3,4,4,6,2,3,2,4,4,2,4,3,4,3,4,5,5,5,6,4,2,7,5,5,5,7,6,7,5,5,5,5,5,5,5,5,5,5,5,5,5,5,3,5,5,5,1,3,2,2,3,3,1,3,4,4,2,3,2,2,2,2,2,2,2,2,4,3,2,4,2,4,2,4,3,3,3,6,2,2,2,5,3,3,2,4,4,4,3,2,4,4,4,3,4,4,4,3,3,3,3,4,2,2,3,2,4,4,1,1,1,3,1,1,2,1,4,3,3,3,4,4,1,1,1,1,4,4,4,4,4,4,4,4,4,4,4,4,4,4
4,1,1,3,19,8,5,3,3,3,3,3,2,2,6,5,6,6,4,5,4,5,6,6,1,1,1,1,5,5,6,2,6,7,7,2,7,2,6,4,6,5,6,5,5,5,6,6,4,7,6,7,6,6,6,6,6,7,6,6,100,2,,4,4,5,4,4,4,5,4,2,2,3,2,5,5,4,4,4,5,3,3,6,5,6,6,5,5,6,6,6,5,4,3,4,4,4,5,4,4,5,5,5,5,5,5,5,5,5,5,5,4,5,5,5,5,5,5,5,5,5,5,5,4,1,3,1,1,1,1,1,2,1,1,3,2,2,3,2,4,1,1,1,4,5,3,6,4,5,5,2,3,3,3,6,6,1,1,1,2,3,4,3,4,3,3,1,2,2,2,2,3,3,1,4,2,2,3,4,4,4,4,2,2,4,3,3,3,4,3,4,3,4,4,4,4,4,3,4,3,1,1,1,4,4,4,5,4
7,1,1,3,20,1,6,6,5,5,3,4,4,6,5,3,4,3,3,4,5,5,3,6,3,1,4,1,5,5,6,3,6,6,4,5,6,5,5,5,4,4,6,6,5,4,5,5,4,4,5,3,2,2,5,5,5,4,5,5,80,2,,4,4,4,4,4,4,3,3,2,2,2,3,2,5,4,3,4,4,4,3,5,5,6,6,5,6,5,4,5,4,5,3,5,4,4,4,5,4,4,3,4,5,5,4,3,4,5,5,5,4,4,3,1,2,2,3,3,3,2,3,3,3,1,1,1,1,1,1,1,1,1,1,2,1,1,2,1,1,1,1,1,1,1,1,1,1,1,1,1,1,1,3,1,2,1,1,1,2,2,3,2,2,2,2,1,1,1,1,1,1,1,1,4,3,2,3,4,4,2,2,3,3,4,4,3,3,4,4,4,3,4,4,4,3,4,4,4,2,1,3,1,4,4,4,4,4
10,1,1,3,19,1,6,6,7,6,2,3,4,2,3,2,4,1,1,2,4,6,7,2,3,1,2,1,7,5,6,2,6,7,6,4,6,2,6,7,7,1,5,4,4,6,4,5,6,7,7,5,4,5,3,3,6,6,4,2,50,2,,5,4,4,2,5,3,5,3,2,1,1,6,2,5,4,5,4,5,4,1,4,5,5,6,5,6,3,5,5,6,6,6,6,3,4,4,2,4,3,3,3,5,4,5,2,4,4,4,5,5,5,5,2,3,1,3,3,4,5,3,5,4,1,2,1,1,2,2,1,2,1,1,4,1,2,4,1,4,2,4,1,5,1,1,1,1,1,5,3,1,1,6,7,6,1,1,1,2,4,3,3,4,2,4,1,1,2,1,1,1,1,1,2,2,2,2,3,5,4,3,2,3,3,4,3,3,3,4,4,4,3,2,4,3,5,2,3,2,2,3,1,4,5,4,5,5
13,1,2,3,20,1,6,6,6,5,4,3,6,7,6,4,4,5,5,3,5,4,5,6,5,2,4,3,7,3,7,5,6,6,4,5,4,3,5,5,6,1,7,7,7,6,7,7,5,6,7,6,4,6,7,7,7,7,6,5,70,2,,4,3,4,3,5,4,5,2,2,1,2,1,1,4,4,3,3,4,5,5,5,5,4,6,3,5,4,6,6,5,3,4,5,5,5,5,4,5,4,3,4,4,4,4,2,2,4,4,5,5,5,5,2,2,3,4,4,4,5,2,5,2,1,1,1,1,1,1,2,1,1,1,2,1,1,3,1,1,2,1,1,1,1,5,1,1,1,3,1,1,1,1,1,5,1,1,1,3,2,4,2,2,3,4,3,1,1,2,3,2,1,1,2,2,1,1,1,4,1,1,1,1,3,1,2,4,4,4,2,2,4,3,3,3,4,4,4,5,4,2,2,4,4,3,4,4
16,1,1,3,19,1,6,6,5,4,5,2,5,6,5,4,5,6,4,4,5,5,7,7,4,4,5,5,5,6,6,4,5,5,4,6,5,6,5,6,6,4,6,6,6,6,6,5,6,6,7,7,5,6,6,5,7,7,6,6,44,2,,5,4,4,4,5,4,3,3,2,2,3,5,3,4,4,5,5,6,5,2,6,5,5,5,6,5,5,6,5,4,5,5,5,5,4,4,4,4,3,4,5,5,5,4,3,4,5,5,4,4,4,4,3,3,4,3,3,4,4,3,3,3,2,1,1,1,1,2,1,1,1,1,3,1,2,2,1,2,1,1,1,2,3,4,3,3,1,2,3,1,4,4,5,5,3,3,3,3,4,4,4,3,3,3,2,2,2,3,2,4,3,2,4,2,2,3,3,4,2,2,2,3,3,2,3,4,4,4,3,2,4,3,4,3,4,5,5,4,5,4,2,4,4,5,4,5
19,1,1,3,18,1,5,6,6,5,1,1,5,6,1,1,2,1,1,1,2,1,6,5,1,1,1,1,6,7,7,2,6,5,6,5,6,6,6,6,6,2,6,2,1,1,1,1,6,7,7,7,5,5,6,6,6,7,7,7,7,2,,4,1,4,4,5,2,2,4,2,2,6,6,3,1,1,1,2,2,2,2,3,1,5,2,6,1,5,1,1,3,1,2,6,2,2,4,4,2,4,3,3,5,3,3,3,3,5,5,5,3,3,3,1,1,1,1,3,4,4,3,4,1,2,1,2,3,1,1,4,1,1,2,3,1,1,1,3,3,3,1,1,1,1,1,1,1,1,1,3,1,1,4,1,6,1,1,1,2,1,3,4,2,1,2,1,1,1,2,1,1,1,1,2,4,2,2,3,3,2,2,3,4,1,2,1,3,2,3,2,2,4,1,2,2,4,2,1,1,1,2,1,3,4,3,4,4
22,1,1,3,18,8,2,2,2,2,3,4,6,6,3,4,4,3,2,4,3,5,5,3,2,2,4,2,4,3,5,6,3,4,4,5,4,6,4,3,5,2,4,5,5,5,3,3,4,4,5,5,5,5,6,5,6,5,5,4,40,1,2,4,4,4,4,4,4,3,3,3,2,3,4,2,4,5,4,4,4,4,5,6,6,6,6,4,4,4,5,5,5,4,4,4,4,4,4,4,3,4,3,4,5,4,4,5,4,4,4,5,3,3,3,4,4,4,4,3,5,4,4,4,4,1,2,1,1,1,1,2,2,1,1,3,1,2,1,1,3,1,1,1,1,1,1,1,1,1,1,1,1,1,3,7,7,1,1,1,2,2,4,2,3,4,3,2,1,3,2,2,2,2,2,2,3,2,2,2,4,3,3,3,4,3,3,4,3,4,3,3,4,3,3,3,3,4,4,4,4,3,4,3,4,5,4,4,4
25,1,2,3,19,8,1,7,1,2,4,3,6,6,4,2,3,5,1,3,3,3,7,7,2,1,3,1,7,5,7,1,7,6,6,2,6,1,7,7,7,4,4,2,2,1,1,1,1,7,7,7,2,2,7,7,7,7,7,7,84,2,,4,3,4,3,5,5,4,5,5,1,5,5,4,3,4,3,1,4,4,4,4,6,5,5,4,3,5,1,3,4,3,2,3,2,3,4,4,3,3,3,4,3,3,3,2,2,4,4,3,4,4,3,2,2,1,3,2,3,2,3,3,3,2,1,1,1,1,1,1,2,1,1,1,1,4,1,1,4,1,2,1,6,3,3,3,3,5,6,,,3,1,5,6,6,4,4,2,4,2,4,1,4,3,1,1,3,4,2,4,3,2,2,4,2,2,2,4,4,2,2,4,4,4,3,4,2,3,2,2,4,4,3,3,4,3,3,3,1,2,1,3,3,3,4,4
28,1,1,3,20,1,2,2,3,3,5,3,5,6,2,4,5,6,5,3,4,4,6,7,5,1,6,1,7,7,7,2,6,6,6,5,6,2,5,5,6,2,5,5,6,6,6,4,4,6,6,6,5,5,6,6,7,7,6,6,29,2,,4,4,4,4,4,3,2,2,1,1,1,5,4,2,2,3,2,2,2,1,2,5,4,4,3,4,4,4,4,3,3,2,2,2,2,3,3,2,3,4,4,4,4,3,2,2,4,4,4,4,4,4,1,2,1,4,4,5,5,4,5,2,1,1,1,1,1,1,1,1,1,1,1,1,1,2,1,3,2,1,1,2,2,2,2,2,2,2,2,2,2,2,3,3,2,2,2,2,3,2,3,1,1,3,1,2,1,2,1,1,2,1,4,1,1,1,2,4,1,1,2,2,2,2,2,2,3,2,2,2,3,3,4,3,4,2,4,2,1,2,1,4,4,4,4,4
31,1,1,3,19,1,5,5,5,4,3,4,5,5,2,4,4,5,3,4,4,5,6,6,6,2,5,2,4,5,4,5,5,5,3,6,5,5,5,3,3,1,5,3,3,3,4,4,2,6,6,6,2,5,5,5,5,7,6,6,75,1,1,4,4,5,4,5,4,4,3,3,3,5,5,4,4,5,4,6,4,5,2,5,5,5,5,5,4,4,4,5,4,3,4,6,4,3,3,4,4,4,3,4,5,4,4,3,3,5,5,5,3,3,3,2,2,4,2,3,4,3,3,3,4,1,1,1,2,1,1,1,2,1,2,3,1,1,2,1,4,2,1,1,5,1,5,1,1,1,6,3,1,2,2,3,4,1,1,1,2,4,3,4,4,4,4,4,2,2,2,2,2,2,2,3,2,2,4,4,4,4,4,4,3,4,4,2,4,4,4,4,4,3,4,3,4,5,4,5,2,2,3,2,4,5,4,4,4
34,1,1,3,19,1,5,4,5,3,2,2,3,4,5,5,5,5,5,5,5,6,3,5,1,1,2,1,4,6,5,2,6,5,4,2,6,4,7,7,6,6,7,6,5,6,6,5,4,6,7,7,4,4,5,6,6,6,5,6,90,2,,5,5,4,4,5,5,5,2,2,2,4,5,2,5,2,2,6,6,4,5,5,5,7,7,4,5,4,7,6,3,4,4,3,5,5,5,3,5,5,5,5,5,5,5,5,5,5,5,2,2,4,4,2,2,4,2,4,5,4,3,5,5,1,4,1,3,1,2,1,4,4,1,5,1,5,2,4,5,1,5,2,2,5,5,7,5,2,7,2,3,4,6,7,7,2,2,2,4,5,3,4,5,5,5,4,4,2,4,4,3,4,3,5,4,2,5,5,5,4,4,5,5,5,5,4,4,4,4,4,4,5,5,5,5,5,2,4,3,3,3,3,5,5,5,5,4
37,1,1,3,18,1,6,6,6,6,5,3,6,6,4,4,4,4,5,3,5,5,3,3,5,2,4,2,4,2,6,3,5,4,3,5,5,3,5,4,3,1,6,5,5,5,5,5,5,5,5,5,5,5,5,5,6,5,6,6,92,1,2,5,4,4,4,4,4,4,4,1,1,3,3,2,5,4,4,4,5,6,5,6,5,6,6,5,6,5,1,5,5,5,3,6,5,4,4,4,4,4,4,5,5,5,5,5,5,5,5,5,5,5,5,3,3,2,3,3,5,4,3,3,4,1,3,1,1,1,1,1,1,1,1,4,1,3,2,1,4,1,2,1,1,2,2,2,1,1,3,1,1,1,7,4,6,1,1,1,4,4,4,4,4,3,4,2,2,2,2,2,3,3,2,2,2,2,2,2,4,2,2,2,2,3,4,4,4,3,3,4,2,4,3,4,4,4,4,4,3,3,3,3,4,4,4,4,4
40,1,1,5,25,4,6,6,6,6,5,2,5,5,3,5,5,4,4,3,5,6,6,6,5,2,5,1,6,2,5,3,5,6,5,6,6,5,4,5,4,6,7,6,6,7,6,6,6,6,6,6,5,6,6,6,5,5,5,6,3,2,,5,4,4,4,4,4,4,2,4,4,5,4,2,3,3,3,3,3,3,4,4,2,3,5,5,5,4,6,6,3,5,3,5,4,1,4,5,4,3,3,2,4,3,5,4,3,5,4,4,4,4,4,2,2,2,3,2,3,2,2,3,2,2,1,2,1,1,1,1,1,1,1,1,1,1,2,1,2,1,2,1,1,1,7,7,5,4,5,5,5,3,3,3,4,1,1,1,4,4,4,4,4,4,2,2,4,2,4,3,4,4,4,4,2,2,4,4,4,3,3,4,4,2,3,3,2,4,4,4,4,4,4,3,3,3,2,2,4,2,2,2,2,4,3,4,4
43,1,1,3,19,1,5,6,6,5,4,3,6,6,5,3,3,5,5,2,6,5,6,3,5,2,5,2,6,6,6,2,6,6,5,6,6,3,6,6,5,2,6,6,6,6,6,6,5,6,6,6,5,6,6,7,6,6,6,6,68,2,,4,4,4,4,4,4,4,3,3,2,3,6,3,3,4,4,5,5,4,5,4,5,6,5,5,5,5,4,4,5,5,4,4,4,4,4,4,4,4,3,4,4,4,4,4,4,4,4,4,3,4,4,3,3,2,3,3,5,2,2,3,4,1,2,1,3,1,1,1,2,2,1,3,1,3,2,3,4,2,2,1,2,1,1,1,1,1,1,1,1,1,1,4,5,1,1,1,2,2,4,2,3,2,2,1,1,2,2,1,1,1,1,4,3,2,2,4,5,4,2,2,2,4,4,2,3,3,2,2,2,3,3,4,3,3,4,4,2,2,2,1,4,4,4,3,4
46,1,2,3,19,4,6,5,5,6,3,3,5,5,4,4,5,5,4,5,5,5,5,6,2,2,5,1,6,5,7,2,5,6,6,4,5,3,6,6,6,2,6,5,4,5,4,3,6,5,5,5,4,5,5,5,5,6,6,6,65,2,,4,4,4,4,4,4,3,3,2,3,2,3,2,5,5,5,4,4,5,3,5,6,6,6,5,6,6,6,6,5,5,5,5,6,4,4,4,4,4,5,4,5,4,4,4,4,4,4,5,4,4,4,3,3,3,3,4,3,4,3,4,4,2,4,1,3,1,2,1,4,4,1,2,1,3,2,4,4,1,4,2,3,4,2,3,3,2,2,2,2,4,3,5,5,3,3,2,2,4,3,4,3,3,4,3,2,2,3,2,3,2,3,4,4,4,4,3,4,4,4,3,4,4,3,3,4,4,3,4,4,4,4,4,3,4,3,3,2,3,3,2,4,4,3,4,4
49,1,1,4,22,1,5,5,3,5,6,5,3,7,2,1,1,5,2,1,5,5,6,6,5,1,6,1,5,4,7,3,6,6,6,3,6,4,3,6,5,6,6,6,6,6,6,6,5,6,6,6,5,6,4,4,5,6,6,6,76,2,,5,4,4,4,5,5,4,3,2,1,2,2,1,5,5,5,5,5,4,3,6,6,6,7,5,6,6,7,6,6,6,6,6,6,4,4,4,4,3,5,5,5,5,5,4,5,5,5,5,4,4,5,2,2,2,4,3,5,4,3,3,3,3,1,1,1,1,1,1,1,1,2,3,1,1,1,1,3,2,3,1,4,1,4,5,5,4,5,7,7,7,7,7,7,1,1,1,4,4,4,4,4,4,4,4,2,2,4,4,4,4,4,2,1,1,3,1,5,4,1,1,1,2,3,3,3,3,2,3,2,4,3,4,4,4,4,4,2,2,2,2,5,5,5,5,5
52,1,1,3,20,1,6,5,6,5,3,2,4,5,3,2,3,3,2,3,2,5,6,6,5,1,3,1,5,2,6,4,6,6,5,3,6,3,6,5,5,2,6,6,6,6,5,5,6,7,7,7,4,5,6,6,6,7,6,6,90,2,,5,4,4,4,5,4,4,4,1,2,3,1,6,5,5,5,6,6,5,3,6,5,6,5,6,6,6,5,6,5,6,5,6,6,4,5,5,4,3,3,4,4,4,4,4,4,5,5,5,3,4,4,2,2,1,2,3,3,2,3,3,4,1,2,1,1,1,2,2,1,1,1,3,1,1,2,2,3,1,3,1,5,6,4,6,5,3,6,6,4,6,4,6,7,1,1,1,4,4,4,4,3,4,4,3,2,2,4,4,4,5,4,2,1,1,2,2,4,4,2,2,4,3,4,3,2,3,3,3,2,3,3,4,3,3,4,4,2,3,4,2,4,3,3,4,4
55,1,1,4,21,1,5,3,6,5,5,5,6,6,6,6,6,6,6,5,5,5,6,6,5,1,5,1,6,5,5,3,5,6,3,6,5,4,2,4,6,1,6,6,6,6,6,6,2,3,3,5,2,3,3,3,5,3,5,5,30,2,,4,2,4,4,4,4,4,2,3,4,3,6,3,3,2,2,2,3,2,1,5,5,6,5,2,3,3,3,3,3,4,4,5,4,4,4,4,2,2,2,2,4,3,4,1,1,4,4,4,3,4,4,2,2,2,2,2,4,1,2,4,1,1,1,1,1,1,1,1,1,1,1,1,1,1,1,1,1,1,1,1,5,5,3,5,5,3,6,1,1,1,4,5,5,1,1,1,1,1,2,2,2,2,2,1,1,1,2,2,2,2,2,2,2,2,2,4,4,2,2,2,2,3,2,2,2,3,2,2,2,2,2,2,2,4,2,2,1,1,1,1,4,4,2,2,3
58,1,1,3,22,4,5,4,4,3,5,4,5,5,4,5,4,5,5,5,5,5,5,6,6,4,6,2,5,4,6,5,5,5,4,4,5,5,5,5,5,5,6,6,6,6,6,5,4,5,4,4,5,6,6,3,6,6,4,3,78,1,1,5,5,4,4,4,3,4,4,2,2,2,2,2,6,5,5,6,6,6,5,6,6,6,6,6,6,6,6,6,6,6,5,5,5,4,4,4,4,4,4,4,5,4,4,4,4,4,4,4,4,4,4,4,4,4,4,4,4,4,4,4,4,2,4,1,1,1,1,1,4,2,1,2,1,2,1,2,2,1,2,1,3,3,5,3,,3,4,4,4,3,3,3,4,3,3,3,4,4,4,4,4,4,4,2,3,2,3,3,3,3,3,3,2,2,3,3,3,2,2,2,2,3,4,3,3,4,4,3,3,3,3,4,4,4,4,4,3,3,4,3,4,2,2,2,2
61,1,2,3,19,1,6,6,6,6,2,3,6,6,2,2,2,2,2,2,1,3,6,6,3,1,5,1,5,2,6,2,7,7,6,5,7,3,7,7,7,5,6,5,2,6,1,3,3,6,6,6,3,3,7,7,7,7,7,7,40,2,,4,2,4,4,4,4,4,2,1,1,1,1,1,4,4,4,3,4,4,2,4,2,4,6,2,6,4,6,6,5,6,6,6,7,4,4,4,2,3,4,4,4,4,4,4,4,5,4,4,4,4,4,1,2,1,2,4,3,1,4,3,3,1,1,1,1,1,1,1,1,1,2,1,2,1,2,1,2,2,1,1,3,1,1,1,1,1,4,4,3,3,1,6,6,3,3,3,2,2,4,3,2,1,2,1,2,1,3,4,4,2,2,4,2,4,2,2,4,4,2,2,1,2,2,4,3,3,2,2,2,2,2,4,3,4,3,3,1,1,1,1,4,4,3,4,4
64,1,1,3,20,8,6,5,6,7,4,3,5,5,3,4,4,3,3,2,4,5,6,6,2,1,2,1,5,4,6,2,6,6,4,6,6,4,6,6,7,4,6,6,6,6,6,6,4,5,7,7,4,4,4,6,7,7,7,7,50,2,,5,2,4,3,5,3,3,3,3,1,5,6,4,3,2,1,2,2,1,1,4,4,4,4,4,4,1,1,4,2,1,1,1,1,3,3,3,3,3,3,3,3,3,3,3,3,3,3,3,3,3,3,3,3,1,3,3,3,3,3,3,2,1,1,1,1,1,1,1,1,1,1,1,1,1,1,1,1,1,1,1,5,2,3,3,4,1,1,1,1,1,1,1,4,1,1,1,2,4,2,2,2,1,1,1,1,1,1,1,1,1,1,3,3,2,2,3,4,4,4,3,4,3,4,2,1,3,3,3,3,3,3,3,3,3,1,5,1,1,1,1,3,3,3,3,3
67,1,1,4,23,4,3,3,3,2,5,2,6,6,4,2,3,4,4,2,4,5,5,6,5,2,3,1,6,6,6,3,5,5,4,5,6,5,4,5,6,5,5,5,5,5,5,5,2,4,5,5,5,6,4,5,5,5,6,4,60,1,1,4,2,4,3,4,4,2,2,2,3,2,4,4,3,3,2,4,4,4,2,3,5,5,4,4,3,4,5,1,3,3,2,5,1,4,4,4,3,4,3,3,4,3,4,2,2,4,3,3,1,3,3,2,2,4,4,4,4,2,3,2,4,3,4,1,1,2,2,1,3,1,2,2,1,4,4,3,2,3,2,2,4,2,3,1,3,1,1,1,1,1,1,5,3,1,1,1,4,4,3,4,4,4,1,1,1,2,3,2,1,1,1,2,1,1,2,4,4,4,4,2,1,4,2,3,4,4,3,4,2,2,3,2,2,4,4,4,2,1,1,2,3,4,3,4,4
70,1,2,3,20,4,5,4,4,5,5,5,6,6,4,4,5,5,5,5,6,6,6,6,6,2,5,2,4,5,5,3,5,6,6,3,6,4,6,6,6,3,6,6,5,6,6,6,5,6,4,4,4,5,4,3,6,6,3,5,75,2,,5,4,5,4,3,4,4,4,2,1,2,3,2,5,6,6,6,6,5,3,6,6,6,6,7,6,6,6,6,7,3,6,6,5,5,4,4,4,5,4,4,5,5,5,4,5,5,5,4,4,3,3,4,4,3,4,3,4,3,4,4,5,1,4,1,4,1,1,1,4,3,1,2,1,3,2,4,5,2,3,1,1,1,1,1,1,1,1,1,1,1,1,6,7,3,3,3,3,4,4,4,5,2,3,2,1,3,3,2,4,4,2,4,3,1,4,4,4,3,3,2,4,5,4,4,4,3,4,5,5,4,4,5,4,5,5,4,3,2,3,2,5,5,4,5,3
73,1,1,3,20,4,2,2,2,2,5,5,6,6,6,6,6,6,6,6,6,7,7,7,7,2,7,1,7,7,7,3,6,5,5,2,6,2,5,7,6,2,7,7,7,7,7,7,6,6,7,7,6,6,6,5,5,6,6,6,80,2,,5,5,5,5,5,5,5,5,1,1,1,1,1,6,6,6,6,6,6,1,7,7,7,7,7,7,1,7,7,6,7,7,7,7,5,5,5,5,5,5,5,5,5,5,5,5,5,5,5,5,5,5,5,3,4,5,5,5,5,5,5,5,1,5,1,2,1,1,1,5,2,1,2,1,4,2,2,5,1,1,1,3,4,4,5,4,6,6,6,6,6,6,7,7,7,7,7,5,5,5,5,5,5,5,5,5,5,5,5,5,5,5,5,5,5,5,5,5,5,3,5,5,5,5,5,5,5,5,5,5,5,5,5,5,5,5,5,5,4,5,5,5,5,5,5,5
76,1,1,3,19,8,5,6,5,5,3,3,5,5,5,5,5,6,4,3,4,3,5,5,1,1,5,1,4,5,6,3,6,6,5,5,6,2,6,6,6,2,7,6,6,6,6,6,5,5,5,5,5,5,6,6,5,6,6,6,80,2,,4,3,4,4,4,4,3,3,1,1,1,4,1,5,4,3,4,4,5,3,6,6,6,6,4,4,4,4,4,5,5,4,6,4,4,4,4,4,3,4,3,4,4,5,4,4,4,4,4,3,3,4,2,3,1,3,3,4,3,3,4,4,1,3,1,1,1,2,1,2,1,2,4,1,2,2,1,4,2,2,2,3,1,1,1,1,1,1,1,1,3,1,7,6,1,1,1,2,2,3,4,3,3,4,4,2,3,2,2,2,2,2,4,2,2,4,4,4,3,3,4,2,4,4,4,4,4,4,4,4,4,4,4,3,4,3,3,2,1,2,1,4,4,4,4,4
79,1,2,3,20,4,6,6,7,5,6,5,7,6,4,5,5,6,7,4,5,6,7,7,7,1,7,5,6,4,7,6,6,7,6,5,6,4,3,6,6,2,7,7,7,6,6,6,5,5,6,6,4,7,6,5,5,6,6,6,100,1,2,4,3,4,4,5,4,4,3,2,3,2,2,1,6,4,4,5,5,6,5,5,6,6,5,6,6,5,6,6,6,6,3,4,5,5,5,4,5,3,4,4,5,4,5,5,5,4,4,4,5,5,4,2,3,3,3,3,4,3,3,4,4,1,1,1,2,1,1,1,2,1,1,1,1,1,2,1,1,1,2,1,2,2,2,2,2,1,1,2,2,1,5,4,4,2,3,3,3,4,4,4,4,4,3,4,4,2,4,2,4,4,2,3,4,4,4,4,4,4,4,5,5,4,4,4,5,4,4,4,3,4,4,4,4,4,5,4,4,2,2,1,4,5,4,5,5
82,1,1,3,19,1,5,5,5,5,6,4,7,7,2,5,5,6,6,4,3,5,7,7,5,1,1,1,4,6,7,3,5,5,5,6,5,6,5,6,6,2,7,7,7,6,6,6,6,5,5,5,6,7,7,3,5,4,5,5,70,2,,5,4,4,2,4,4,2,2,3,4,5,6,2,5,4,4,3,5,5,5,5,6,6,6,5,5,5,6,5,5,4,3,4,4,3,4,3,2,4,4,4,5,4,4,4,3,3,4,4,4,3,3,1,2,4,3,3,4,2,3,4,2,1,1,1,2,1,2,2,1,1,1,3,1,1,2,1,2,2,1,1,1,1,1,2,1,1,1,2,1,1,4,2,6,2,1,1,2,4,2,4,2,4,4,4,1,1,1,1,2,1,1,4,1,1,2,2,4,4,2,4,3,4,4,4,4,4,4,3,2,2,4,4,3,4,2,2,2,1,2,1,4,4,3,4,3
88,1,1,3,21,4,2,2,1,1,2,4,7,6,5,3,3,5,4,5,5,5,6,7,5,5,5,1,1,6,6,5,6,6,2,6,6,2,5,5,4,2,7,6,6,6,6,6,7,7,7,7,7,7,7,7,6,7,7,7,70,2,,4,4,2,2,5,4,4,3,2,1,3,5,2,2,2,1,1,2,2,6,2,2,5,5,3,6,3,2,3,2,1,4,6,2,2,5,5,2,1,2,3,5,5,5,5,5,5,5,4,3,2,5,1,1,3,4,3,5,3,3,5,5,2,4,1,3,1,1,1,4,2,1,3,1,2,2,3,3,3,4,1,3,3,7,4,3,1,4,5,6,4,6,7,7,7,7,7,3,5,4,5,4,4,2,1,2,1,4,4,5,4,4,2,1,1,4,2,4,5,1,5,2,4,5,4,4,2,1,2,4,2,4,4,4,4,4,4,2,2,1,1,3,5,3,4,3
91,1,1,3,18,6,3,2,3,2,5,3,6,6,5,3,2,6,4,4,4,6,5,4,2,1,5,1,6,7,7,2,6,5,3,6,5,6,5,6,5,2,6,6,6,6,6,6,5,6,3,5,5,7,5,5,6,7,7,7,65,2,,4,3,3,2,3,3,3,2,4,5,6,6,3,3,5,4,4,4,2,1,5,2,3,3,1,2,3,1,4,4,3,3,4,2,4,4,4,2,2,3,2,2,3,2,1,2,3,2,5,3,3,4,1,2,1,2,2,3,1,3,1,2,2,3,3,1,1,2,1,2,1,2,4,1,1,1,1,3,4,2,2,6,3,5,5,3,6,5,1,1,2,,5,6,3,2,2,3,4,2,4,1,2,1,1,1,1,3,2,4,4,2,1,1,1,1,1,4,1,1,1,1,2,1,3,2,1,1,1,1,2,1,3,2,3,1,1,1,1,1,1,2,2,3,3,2
94,1,1,3,22,4,5,5,5,4,6,2,5,5,5,4,4,7,4,4,4,6,6,7,5,1,3,1,6,7,7,2,6,6,5,3,5,5,2,7,5,2,7,7,7,7,5,6,6,6,6,6,4,5,5,5,5,6,6,5,75,2,,4,2,1,1,4,4,4,1,5,5,5,6,4,3,3,2,4,4,3,2,4,4,4,3,3,4,4,2,4,4,2,4,3,3,4,4,2,2,3,2,2,3,2,2,2,3,4,3,3,2,3,2,1,2,1,3,2,2,1,3,3,2,1,2,1,1,1,1,3,2,1,3,2,1,1,1,1,2,2,1,1,2,2,3,3,3,1,3,4,2,2,3,2,4,1,1,1,1,2,2,2,1,1,4,3,2,3,4,1,4,1,1,1,3,1,1,1,4,2,2,3,3,1,1,2,1,2,2,2,2,1,3,3,2,4,2,2,2,2,3,2,3,3,2,2,3
97,1,1,3,18,8,5,3,5,3,5,3,3,5,5,4,5,5,4,3,4,4,5,5,5,4,5,3,4,6,5,5,3,3,3,5,4,5,3,5,4,3,5,5,3,3,4,5,5,5,6,6,4,4,4,4,6,6,6,5,56,2,,4,3,3,4,3,4,2,3,3,2,2,4,3,5,5,4,5,4,4,5,4,4,4,4,5,5,5,6,5,4,5,3,5,5,3,4,3,4,4,4,2,3,4,4,4,3,4,4,3,4,4,4,3,3,2,3,4,4,3,5,5,3,1,1,1,1,1,1,1,1,1,1,1,1,1,1,1,3,1,1,1,3,2,2,3,2,3,4,3,3,4,3,4,3,2,2,2,2,2,3,4,3,3,4,4,2,2,3,2,2,2,2,4,2,2,3,3,4,4,4,4,4,4,4,4,4,4,4,3,3,3,3,3,3,3,2,2,3,2,4,2,3,4,4,3,4
100,1,1,3,20,1,6,5,5,6,1,1,1,5,4,2,2,2,1,4,2,5,3,5,1,1,1,1,5,5,5,5,6,6,3,5,5,3,4,2,6,1,6,6,2,6,4,6,5,6,7,7,2,2,5,3,6,7,6,5,80,2,,5,4,5,4,4,5,2,2,1,1,1,3,1,2,3,1,4,2,2,1,5,3,6,6,6,4,2,4,5,4,7,4,6,6,5,5,5,5,5,3,4,5,4,3,3,4,4,4,5,3,4,4,2,2,1,3,3,5,5,3,4,4,1,1,1,1,1,2,2,2,1,1,4,1,1,3,1,4,1,1,1,1,1,1,1,2,1,2,1,1,2,3,3,5,1,1,1,2,2,4,4,2,2,2,1,1,1,2,1,1,1,1,2,2,2,2,2,5,1,1,2,4,4,4,4,3,4,4,3,2,3,3,3,3,4,4,4,2,1,2,1,5,4,4,4,5
103,1,2,5,27,3,6,4,4,4,6,5,6,7,5,5,6,6,4,4,5,5,3,5,5,3,6,3,3,3,3,2,6,3,1,6,5,3,3,5,3,4,6,6,6,6,6,6,6,6,6,6,6,6,4,4,5,6,6,6,90,2,,4,4,4,4,4,4,4,3,2,6,2,2,2,4,3,4,5,5,5,2,5,5,5,5,5,5,4,6,5,6,6,5,6,5,4,4,4,4,4,4,4,4,4,4,3,3,4,4,4,2,3,4,4,4,4,4,4,4,4,4,4,4,1,4,1,1,1,1,1,4,4,1,1,1,1,1,1,3,1,3,1,4,3,1,3,1,1,1,1,1,2,1,1,1,1,1,1,1,1,1,3,2,4,3,2,2,2,1,1,1,1,1,1,1,1,1,1,4,3,3,2,4,4,3,3,3,4,3,4,3,3,4,3,3,3,3,4,2,2,2,2,3,4,4,3,4
106,1,1,3,20,4,5,6,5,5,5,3,6,6,4,6,4,5,3,3,5,5,6,6,2,1,1,1,4,4,7,3,5,3,4,6,5,3,5,5,5,2,6,6,6,6,5,4,5,6,6,7,3,3,6,6,6,7,6,5,37,1,1,4,4,4,3,4,4,3,4,4,3,5,5,5,4,3,4,4,4,4,3,4,3,3,5,5,4,4,3,4,3,3,4,3,5,3,4,4,3,4,4,3,4,3,4,4,4,5,4,5,4,5,4,5,5,4,5,4,4,5,5,5,3,2,1,2,1,1,1,1,2,3,3,1,1,2,2,3,2,1,1,2,2,5,5,3,4,1,3,5,1,4,2,2,5,3,4,4,4,4,4,4,3,2,4,4,1,4,2,4,5,2,2,2,1,1,1,2,4,1,1,1,1,3,1,3,3,2,2,2,2,3,2,3,3,3,4,4,4,3,4,4,3,3,4,4,3
109,1,1,3,21,4,2,2,2,2,6,6,6,6,6,6,6,6,6,6,6,6,7,7,5,1,4,1,6,6,6,3,6,6,5,7,6,3,5,7,6,6,6,6,6,6,6,6,6,6,6,6,6,6,5,6,6,6,6,5,74,2,,4,4,4,4,4,3,2,4,3,4,1,2,2,5,5,4,4,4,4,3,5,6,5,5,3,4,4,3,4,5,3,4,6,5,4,4,4,3,3,3,4,5,4,4,4,4,5,5,4,3,4,4,2,2,2,3,3,4,5,3,3,3,3,3,1,3,1,2,3,3,1,2,3,1,1,2,1,1,1,1,3,2,1,1,1,1,1,1,1,1,1,1,1,1,1,1,1,1,2,2,1,1,1,1,1,1,1,1,1,1,1,1,2,2,2,4,4,4,2,2,4,4,3,4,4,2,4,4,4,4,4,4,3,2,4,3,4,2,2,2,2,4,4,4,3,3
112,1,1,3,20,1,5,4,5,6,3,3,3,5,4,4,3,4,3,3,4,5,6,5,2,1,4,1,5,6,6,3,5,5,6,4,6,5,5,6,6,3,6,5,5,5,5,5,4,4,5,5,4,5,3,3,5,6,5,5,,,,,,,,,,,,,,,,,,,,,,,,,,,,,,,,,,,,,,,,,,,,,,,,,,,,,,,,,,,,,,,,,,,,,,,,,,,,,,,,,,,,,,,,,,,,,,,,,,,,,,,,,,,,,,,,,,,,,,,,,,,,,,,,,,,,,,,,,,,,,,,,,,,,,
115,1,1,3,20,1,5,5,5,5,5,3,5,5,5,6,3,3,3,3,4,5,4,6,5,1,5,1,4,5,7,3,5,4,3,4,5,5,3,3,6,2,6,6,5,4,5,5,3,5,5,5,4,5,5,6,7,5,4,3,92,2,,5,5,5,5,5,5,5,3,2,1,1,3,1,6,4,5,6,5,6,3,7,6,6,7,7,7,5,5,6,5,3,3,6,3,5,5,5,4,5,4,5,5,5,4,5,5,5,5,5,4,4,3,4,3,3,4,3,5,4,3,3,4,1,1,1,1,1,1,1,1,1,1,3,1,2,1,1,4,1,1,1,5,3,3,3,3,2,4,5,3,2,4,3,5,1,1,1,2,4,4,4,3,3,4,2,2,2,2,2,3,1,1,5,4,2,4,4,5,4,2,4,3,5,5,3,5,5,5,5,5,5,5,5,4,5,4,5,5,4,3,2,5,5,4,5,4
118,1,1,5,31,4,6,6,5,5,3,5,6,6,5,4,4,5,5,4,6,6,3,6,6,2,5,1,4,6,5,3,5,6,6,4,6,3,6,6,6,3,6,6,6,6,6,6,6,6,6,6,6,6,7,6,7,6,5,5,64,2,,4,4,4,4,4,4,3,3,3,3,5,3,4,5,5,4,4,4,3,2,5,5,4,5,5,4,4,2,2,4,3,3,5,5,3,4,4,3,4,4,4,4,4,4,3,3,4,4,4,4,3,3,2,3,1,2,3,3,2,3,3,2,1,1,1,1,1,1,1,1,1,1,2,1,1,1,1,2,1,2,1,3,3,1,4,1,1,4,1,2,2,2,2,2,2,2,2,3,4,2,3,2,4,2,2,1,2,3,2,2,2,2,4,1,1,4,4,4,4,4,2,2,4,1,3,2,3,4,4,4,3,3,4,3,3,3,4,2,1,1,1,4,3,3,4,4
121,1,1,4,25,4,2,4,5,3,6,3,5,6,6,5,5,5,4,4,6,6,3,6,1,1,6,1,5,5,6,6,5,6,6,3,6,3,6,6,6,5,6,6,5,6,6,6,5,6,5,6,4,7,7,7,6,5,3,3,65,2,,4,4,2,3,4,4,4,2,3,4,5,5,4,5,4,3,4,4,4,3,3,4,5,5,3,5,4,4,4,5,3,3,4,3,4,4,4,3,5,4,4,4,4,5,4,4,5,5,5,5,5,5,2,2,3,3,3,3,4,3,4,4,2,3,1,2,1,1,1,3,1,1,1,1,1,1,1,2,1,3,1,2,2,1,2,1,1,1,1,1,1,1,1,6,2,1,1,2,4,2,3,1,1,2,1,1,1,1,1,1,1,1,4,4,2,2,4,4,2,2,4,4,4,4,3,3,4,4,3,4,3,3,4,4,4,3,4,2,2,3,2,4,4,4,4,4
124,1,2,4,22,4,6,5,5,6,6,5,5,7,3,4,3,3,5,2,4,6,5,7,7,2,5,1,7,4,6,1,6,6,7,3,6,2,6,6,1,5,7,7,7,7,7,7,6,6,7,6,7,7,2,2,3,7,6,6,78,2,,4,4,5,5,5,4,4,4,2,2,1,2,4,6,5,6,5,6,5,6,6,5,6,5,5,6,6,6,6,5,6,5,6,7,5,3,3,4,3,1,4,5,5,4,4,5,4,5,5,5,4,5,3,3,4,4,4,4,5,3,4,4,1,3,1,3,1,1,1,2,1,1,4,1,1,1,1,4,1,3,1,1,2,3,1,1,1,3,1,1,2,4,3,5,1,1,1,3,3,4,5,4,3,4,5,5,4,3,2,2,3,4,4,3,4,4,3,5,3,3,4,5,4,4,5,4,4,5,3,3,4,5,4,5,5,4,5,4,5,4,4,4,5,4,5,3
127,1,1,4,20,1,6,5,7,6,2,3,5,6,4,3,5,6,4,3,4,5,7,7,5,1,5,1,5,6,6,2,6,6,5,6,7,2,6,7,7,2,6,6,5,7,6,6,6,7,6,7,2,5,7,6,7,7,7,6,64,1,1,5,2,4,5,4,3,3,4,1,1,2,3,1,2,1,1,2,2,3,1,4,2,3,4,3,2,6,3,4,3,2,2,3,2,3,4,3,3,4,4,3,5,4,5,4,4,5,5,5,4,4,3,2,3,3,3,3,4,4,3,2,4,1,1,1,1,1,2,1,2,1,1,2,1,2,2,1,3,2,1,1,3,1,4,1,1,1,4,1,1,1,6,6,5,1,1,1,2,1,4,4,2,2,3,4,1,1,4,2,2,2,3,4,2,4,5,5,5,4,2,3,4,5,5,4,4,5,4,3,4,5,4,4,3,5,3,4,1,1,3,1,4,5,3,5,4
2,2,1,3,20,1,6,6,6,6,6,5,7,4,3,5,4,5,5,3,6,7,7,6,3,1,1,1,5,7,7,4,6,5,4,5,6,5,4,5,5,1,7,6,5,6,6,6,4,4,7,6,4,5,5,6,7,7,6,6,70,1,2,4,4,3,4,2,4,2,3,5,1,2,2,1,6,4,4,5,6,6,5,6,6,6,7,6,4,5,4,5,6,5,4,7,5,4,4,5,4,3,4,5,5,5,5,4,4,5,5,5,5,4,4,2,3,1,2,4,4,3,3,4,3,1,1,1,2,1,1,1,1,1,1,4,1,2,2,5,3,1,1,1,5,2,4,3,5,5,6,4,3,2,4,5,4,6,2,3,3,4,4,3,4,3,4,2,4,4,3,1,3,4,2,5,5,5,4,5,4,2,2,2,4,4,3,4,3,3,4,2,3,3,3,4,4,5,3,4,2,2,2,2,4,5,4,5,5
5,2,2,3,19,4,5,3,2,2,3,3,5,3,6,6,7,5,4,5,6,6,5,7,7,1,5,3,6,7,7,3,6,5,3,7,5,2,4,6,7,5,7,7,7,7,6,7,7,7,7,7,5,6,7,7,6,7,7,7,60,1,1,5,4,5,4,4,5,5,4,2,1,4,4,2,5,4,3,4,4,5,5,5,7,6,6,7,6,7,6,7,5,5,5,6,6,4,4,4,4,5,5,5,5,5,4,5,4,5,4,4,2,5,5,5,5,4,5,5,5,4,4,4,4,3,4,2,5,1,1,1,4,5,1,5,1,4,1,4,5,1,4,1,4,4,2,1,1,1,1,6,1,4,7,3,6,2,1,1,4,5,5,4,3,3,4,2,2,2,2,1,2,2,1,5,5,5,5,5,5,5,5,5,5,4,4,5,4,4,4,4,5,5,5,5,4,4,5,5,2,3,3,2,4,5,5,5,5
8,2,1,3,19,1,2,1,2,1,5,2,6,4,2,2,3,2,3,1,3,5,5,6,3,1,3,1,4,5,5,4,5,1,1,6,3,4,3,4,2,6,7,6,5,5,7,6,5,6,6,6,4,4,6,6,7,6,6,5,50,2,,4,2,1,2,4,4,2,2,2,2,5,6,3,3,4,3,2,4,2,2,4,5,3,5,5,2,3,1,2,3,3,6,6,4,5,5,4,3,4,3,4,3,3,4,2,2,3,3,5,3,4,4,3,3,2,4,3,4,3,4,5,4,1,2,1,1,1,1,1,1,1,1,4,1,2,3,1,4,2,1,1,3,1,1,1,1,1,1,1,1,1,5,6,6,1,1,3,4,4,4,4,3,3,3,2,2,2,4,2,2,4,2,4,4,2,2,1,5,1,1,4,4,3,4,4,2,3,2,3,4,1,3,3,3,3,3,4,4,4,2,2,3,4,2,3,4
11,2,1,3,19,1,5,5,6,5,3,1,3,6,2,2,2,2,1,2,5,5,6,7,2,1,3,1,5,5,6,2,6,6,5,3,6,2,6,7,6,2,6,5,5,3,2,2,7,7,6,7,6,6,6,7,7,7,7,6,19,2,,4,4,5,4,4,3,2,2,1,1,5,2,2,2,2,2,3,1,2,1,4,5,3,5,5,5,5,6,6,2,2,2,5,5,2,5,5,4,4,2,2,5,4,3,4,5,5,5,5,4,4,5,1,2,2,3,4,3,2,4,4,4,1,3,1,1,1,1,1,2,1,1,3,1,2,1,1,3,1,1,1,2,1,1,1,1,1,3,1,1,2,4,4,2,1,1,2,3,4,4,4,3,2,3,2,1,1,2,1,1,2,1,3,4,4,4,4,3,3,3,4,4,4,4,4,4,2,2,2,4,2,2,4,3,4,4,4,2,1,2,1,4,5,4,4,5
14,2,2,5,22,4,5,4,1,5,5,5,5,5,5,5,5,5,5,5,5,5,5,5,5,5,5,5,5,5,5,7,7,7,7,7,7,7,7,7,7,5,7,7,7,7,7,7,7,7,7,7,7,7,7,7,7,7,7,7,26,2,,4,2,2,2,3,3,2,4,5,5,7,5,5,2,6,6,2,3,3,5,2,2,2,2,2,2,2,2,2,2,5,5,5,5,4,2,3,2,4,4,4,4,4,4,2,2,2,2,2,4,4,4,4,4,3,3,3,3,3,3,3,1,1,1,1,1,1,1,1,1,1,3,3,3,3,3,3,3,3,3,3,4,4,4,4,4,4,4,4,4,4,4,4,4,4,4,4,4,5,2,2,2,2,2,2,2,2,2,2,2,2,2,1,3,5,5,5,5,5,5,5,5,1,1,1,4,2,1,3,5,5,5,2,2,2,2,2,1,1,1,1,4,4,4,1,1
17,2,1,4,27,4,4,5,5,5,4,5,3,4,4,4,5,4,4,5,5,6,7,7,5,3,5,3,6,7,7,2,6,6,6,5,6,2,6,6,6,7,4,2,6,5,5,4,4,7,6,7,7,6,5,6,6,5,3,3,46,2,,5,5,5,4,4,4,4,4,5,4,2,4,6,4,4,6,6,5,5,5,4,6,6,5,5,5,5,5,6,5,6,6,6,6,4,4,4,4,3,3,5,4,4,4,4,4,4,4,4,4,1,2,1,1,1,1,1,1,1,1,1,5,4,4,1,5,1,1,5,5,5,4,3,1,4,1,3,3,2,4,2,6,5,5,5,5,5,5,5,5,5,5,4,4,5,5,5,3,3,3,3,3,3,3,3,3,3,3,3,3,3,3,3,3,3,3,3,3,3,3,3,3,4,3,3,3,3,3,3,3,3,3,3,4,3,4,4,3,3,4,3,3,3,3,3,1
20,2,2,3,22,1,5,7,5,7,6,5,7,7,6,7,7,7,7,5,4,4,7,7,7,3,7,3,6,7,7,5,5,4,1,7,5,4,2,5,4,5,7,7,7,7,7,7,7,1,6,5,5,7,5,5,1,3,4,5,73,1,1,5,4,4,4,4,4,4,3,1,1,1,5,1,2,6,1,4,3,1,1,2,1,1,1,4,1,1,7,1,2,4,1,7,4,1,4,5,3,5,5,5,5,1,1,1,1,5,5,5,2,3,5,1,1,1,3,3,3,1,5,5,5,1,5,1,1,1,5,5,5,1,5,4,1,1,2,1,1,1,3,1,7,1,1,7,1,1,1,2,1,7,3,7,7,1,1,1,1,4,4,4,2,1,4,1,1,1,1,3,4,1,4,1,1,5,1,1,5,1,1,1,1,4,4,4,4,3,1,1,1,1,1,1,1,5,1,1,1,1,1,1,1,5,5,2,4
23,2,1,3,18,3,6,5,6,4,3,3,5,4,4,4,4,5,4,2,4,6,6,6,5,3,5,1,6,5,6,3,6,6,5,6,5,5,4,6,6,5,5,4,4,5,4,5,5,6,6,6,4,5,5,5,5,5,5,4,73,2,,4,3,4,4,2,3,3,3,4,4,2,5,2,4,4,4,4,4,5,2,3,4,4,4,3,3,3,5,5,6,2,3,6,3,4,4,3,3,5,4,4,5,4,4,3,4,4,4,5,5,4,3,2,3,3,3,3,5,4,3,3,4,1,3,1,1,1,1,1,3,1,1,4,1,3,2,1,4,4,1,2,4,3,3,5,3,1,7,2,1,1,3,,4,2,2,1,2,4,3,2,4,2,4,2,2,2,2,2,3,3,4,3,4,4,3,2,4,3,3,4,3,4,3,3,3,4,4,4,3,4,3,4,4,4,3,3,2,2,3,2,5,5,5,5,5
26,2,1,3,19,1,6,6,5,6,2,2,5,5,1,2,3,1,1,4,4,5,4,5,1,1,5,1,4,5,4,2,6,5,5,3,5,2,6,7,7,1,1,1,1,1,1,1,4,6,7,7,5,5,5,5,6,7,7,7,85,2,,4,2,2,3,2,4,3,4,4,5,4,3,4,5,6,3,5,5,4,5,3,5,5,5,4,5,5,3,3,3,4,2,4,4,4,5,4,3,2,2,3,4,2,4,4,4,3,3,2,3,1,2,2,2,2,2,4,3,4,3,2,4,2,3,3,4,4,2,2,3,1,4,3,4,2,2,2,3,1,1,1,6,6,4,4,4,1,6,4,2,4,5,5,5,1,1,1,4,5,3,4,4,1,1,1,1,1,4,1,3,4,2,4,2,4,2,1,4,4,1,5,3,4,2,4,2,4,4,3,4,3,3,2,4,4,5,5,1,1,1,1,4,4,2,4,3
29,2,2,4,24,4,6,6,5,5,3,3,6,6,5,5,5,5,2,2,5,5,5,6,1,1,3,2,2,4,5,3,5,5,5,4,5,2,2,5,5,2,6,6,6,6,6,6,6,6,6,6,5,5,6,6,6,6,6,6,80,1,1,4,4,4,4,4,4,4,3,2,2,2,2,5,5,5,4,4,4,4,5,5,5,5,5,5,5,4,4,4,5,4,3,3,3,4,2,2,3,5,3,3,4,3,5,5,4,5,4,5,4,4,4,2,3,4,4,3,5,5,5,5,4,1,3,1,1,1,1,1,2,1,1,2,1,1,1,2,3,1,3,1,1,1,1,1,1,1,3,1,1,1,1,1,1,1,1,1,2,2,3,4,2,2,2,2,2,2,2,2,2,2,2,4,4,2,4,4,4,4,4,4,4,3,4,4,4,4,4,4,4,4,4,4,4,4,4,4,3,3,3,3,3,4,5,4,3
32,2,1,3,19,4,2,3,2,2,2,2,5,2,2,2,2,2,2,2,5,5,7,7,2,1,1,1,5,1,5,5,5,6,6,3,6,2,5,6,5,2,5,5,3,5,5,5,2,7,6,5,2,2,2,2,6,2,2,2,97,2,,2,4,4,4,4,4,2,2,2,2,2,2,2,5,3,6,6,7,6,3,6,3,2,2,6,6,4,5,5,6,5,5,5,5,4,4,4,4,4,4,4,4,4,4,5,5,4,4,4,4,5,5,2,2,2,2,2,2,4,2,4,5,4,4,1,2,1,2,2,1,1,1,4,1,1,4,1,1,1,1,1,2,1,1,1,1,1,5,1,5,5,5,2,5,2,2,2,1,4,4,4,4,1,4,2,1,4,4,2,4,4,4,4,4,4,4,4,2,2,2,4,4,4,4,4,4,4,4,2,4,4,4,5,5,5,5,5,2,1,4,1,4,5,4,5,5
35,2,2,4,22,4,5,4,4,4,3,2,3,6,4,4,3,5,5,4,6,6,6,6,6,1,3,1,5,5,7,1,6,7,6,1,7,1,5,7,6,2,7,7,4,4,4,4,4,7,7,6,5,5,5,4,5,5,5,5,50,2,,4,4,3,3,3,3,2,3,4,5,4,4,2,4,4,4,4,3,2,3,4,4,4,3,1,5,5,4,4,3,3,3,3,2,3,3,2,2,3,3,3,3,3,2,2,3,3,3,3,3,3,3,3,1,3,3,3,3,3,3,3,3,1,2,1,2,1,1,1,2,1,1,1,1,1,1,1,1,1,2,1,3,1,1,1,1,1,1,1,1,1,1,1,1,1,1,1,3,3,1,2,2,3,2,3,2,1,1,1,1,1,1,4,4,4,3,3,2,2,2,3,3,3,4,3,2,3,2,3,3,4,3,2,4,3,3,3,3,1,2,1,3,4,4,4,4
38,2,1,4,20,4,6,6,5,6,5,6,6,5,4,5,4,3,3,4,4,7,6,6,2,3,3,3,4,4,5,4,6,6,4,3,6,2,7,5,6,2,5,5,4,6,6,2,4,6,5,5,4,6,4,5,6,5,4,4,39,1,1,4,4,4,3,4,4,4,3,2,2,3,4,5,3,4,4,4,5,4,1,5,4,7,5,4,5,5,7,5,6,5,4,3,4,4,4,5,3,4,4,4,5,5,5,3,5,5,5,3,3,5,5,2,3,3,4,4,4,4,3,5,2,3,1,1,1,1,2,1,1,3,2,2,3,1,2,1,3,2,3,2,3,2,2,2,3,2,5,3,5,3,3,4,4,2,2,3,2,3,1,2,2,2,3,1,3,1,3,2,4,2,2,4,5,4,4,4,4,3,3,5,5,5,4,3,3,4,3,3,4,4,4,4,4,5,3,4,2,1,3,2,4,5,4,5,3
41,2,2,3,20,1,6,5,5,5,5,4,6,5,5,5,5,6,6,5,5,6,5,6,5,3,5,2,3,5,6,2,6,5,5,2,6,2,5,6,5,2,6,6,6,6,5,6,6,6,6,5,5,6,6,6,6,5,6,6,84,2,,4,4,5,4,4,4,3,4,2,3,3,5,2,5,3,4,5,4,5,5,5,6,5,5,5,4,4,4,5,5,5,4,5,5,4,5,3,4,4,5,4,5,4,4,4,4,5,4,5,5,4,4,4,3,4,3,4,5,4,4,5,4,1,3,1,2,1,1,1,3,2,1,2,1,3,1,2,3,1,3,1,2,1,1,1,2,1,1,2,1,1,1,5,6,1,2,1,2,3,4,3,2,2,4,1,2,1,2,2,3,2,1,3,4,4,5,4,5,4,4,4,4,4,4,4,4,4,4,4,3,5,4,4,3,4,4,4,4,3,3,2,3,4,4,4,4
44,2,1,7,18,3,3,3,3,3,2,2,2,6,6,3,5,6,5,3,6,3,5,6,6,1,5,1,4,7,7,6,3,5,2,6,5,6,4,5,2,4,6,6,6,5,5,5,3,3,6,6,5,5,5,5,6,6,6,6,90,1,1,4,2,2,2,2,2,2,2,2,2,3,2,3,2,4,2,2,3,5,2,5,3,5,5,4,5,3,5,5,5,3,3,5,5,2,4,4,4,4,4,4,5,4,4,4,4,4,4,4,2,4,4,2,2,2,2,4,5,5,4,5,4,1,4,1,1,1,1,1,3,1,1,1,1,1,1,1,4,2,1,1,2,1,1,1,1,1,1,1,1,2,6,6,6,1,1,1,2,4,2,4,3,3,4,4,1,4,2,1,4,1,1,4,5,5,4,3,4,2,2,4,4,4,4,4,4,4,4,4,4,4,4,4,4,4,4,4,1,1,1,1,4,4,4,5,4
47,2,1,4,19,1,6,6,6,6,5,5,7,7,7,4,5,3,4,6,4,4,7,7,3,2,5,2,4,4,5,2,5,4,3,4,5,3,5,5,6,1,6,6,6,6,6,6,4,4,4,4,2,2,5,5,5,5,5,5,47,2,,4,4,4,4,4,4,4,4,1,1,1,1,5,4,4,4,5,5,6,2,6,5,5,6,5,6,5,6,6,5,6,5,6,6,4,4,4,4,4,4,4,5,5,5,3,5,5,5,5,5,5,5,5,3,3,3,3,4,4,4,4,3,1,1,1,1,1,1,1,1,2,1,1,1,1,1,1,2,1,1,1,1,1,1,1,1,1,6,1,1,,1,1,5,1,1,1,2,2,3,2,2,2,3,3,2,2,2,2,2,2,2,4,4,4,4,4,4,4,4,4,4,4,4,4,4,4,4,4,4,4,4,4,3,4,4,4,5,4,4,1,4,4,4,4,4
50,2,1,4,19,3,6,6,6,5,5,4,5,6,5,3,5,5,4,3,5,3,6,6,6,2,2,1,4,5,5,5,4,5,5,5,5,6,3,4,3,2,5,5,6,6,6,6,4,5,6,6,5,6,5,5,3,6,5,5,76,1,2,4,4,4,4,4,4,3,4,2,1,1,2,2,5,4,3,4,4,5,3,6,5,5,6,6,4,4,5,5,4,5,4,6,4,4,5,4,4,3,4,5,5,5,5,4,5,5,5,5,5,5,4,3,3,3,3,4,4,5,5,4,5,1,3,1,2,1,1,1,1,2,1,3,1,4,2,3,5,2,3,1,2,1,1,1,1,1,1,1,1,1,5,5,5,1,1,1,3,4,4,3,2,2,4,2,2,2,4,3,4,4,2,4,4,5,5,4,4,4,2,2,2,4,3,5,4,3,4,3,4,4,3,4,4,4,3,4,2,2,2,2,4,4,3,5,4
53,2,1,3,20,4,5,5,4,5,5,3,5,3,5,4,4,3,4,5,4,4,6,6,5,1,3,1,6,4,6,2,6,6,6,3,6,3,6,6,6,2,5,5,5,5,5,5,4,6,6,6,3,5,5,4,6,5,5,4,88,2,,4,4,3,4,4,4,3,4,2,2,2,2,2,4,5,5,5,5,6,2,5,4,4,4,5,3,3,5,4,5,6,6,5,5,5,5,5,5,3,4,4,5,5,5,4,5,5,5,4,4,4,4,2,3,1,3,4,4,4,4,2,1,1,1,1,1,1,1,1,1,1,1,2,1,1,2,1,1,1,1,1,3,2,3,3,2,1,4,2,3,3,2,4,3,2,3,2,4,3,4,4,4,3,4,4,3,4,3,3,3,4,3,4,4,4,2,4,4,2,2,4,4,4,4,4,4,4,4,4,4,4,4,4,4,4,4,4,3,2,2,3,4,4,4,4,3
56,2,1,3,18,1,5,6,6,6,6,5,7,4,5,3,3,5,5,3,7,7,6,6,3,2,5,2,7,7,7,4,7,5,6,4,5,6,5,4,6,1,6,6,6,6,6,5,7,7,6,6,7,7,5,5,5,5,6,6,86,1,1,4,4,3,4,4,5,1,2,1,2,1,1,1,7,6,6,6,6,6,1,6,6,6,7,6,7,7,7,7,6,7,4,6,6,5,5,4,5,5,4,5,5,5,5,4,5,5,5,2,5,5,5,3,3,2,4,3,3,4,4,5,5,1,1,1,1,1,1,1,1,1,2,2,1,1,2,1,1,2,1,1,4,2,1,5,5,5,5,5,1,2,4,6,6,5,1,1,2,4,4,4,3,2,4,2,3,2,3,2,2,4,3,5,5,5,5,4,4,4,4,3,4,5,4,4,4,4,4,4,2,4,4,5,5,5,4,4,2,3,2,3,5,5,5,5,5
59,2,1,3,20,4,3,2,3,2,5,4,5,4,4,3,5,5,3,3,4,5,5,5,4,3,4,2,5,5,6,4,5,3,3,5,5,5,3,5,4,3,5,5,5,5,5,5,4,5,6,5,5,5,4,4,5,6,5,6,69,2,,4,4,4,4,4,4,3,3,3,3,4,4,3,5,5,5,5,5,5,5,5,5,5,5,5,4,4,4,5,5,5,4,5,4,4,4,4,4,4,4,4,4,4,4,4,4,4,4,4,4,4,4,4,4,3,3,3,3,3,3,4,4,1,2,1,2,1,1,2,3,1,1,3,1,2,1,2,3,1,3,1,4,2,1,2,3,2,4,1,1,1,4,4,3,1,1,1,3,4,3,4,3,4,3,2,2,3,2,3,2,2,2,4,4,4,4,4,4,2,2,4,4,4,4,4,4,3,3,3,4,4,4,4,4,4,4,4,3,3,3,2,4,4,4,4,4
62,2,1,3,18,1,6,6,5,5,1,5,6,5,2,1,3,2,1,1,3,6,7,6,1,1,2,1,6,2,7,3,5,7,4,6,5,5,2,6,5,2,6,3,1,5,2,2,7,6,7,7,6,6,5,4,5,7,7,6,80,2,,4,4,4,3,4,4,4,2,2,2,3,2,5,3,3,1,5,5,5,3,5,5,6,3,5,4,3,2,3,5,2,2,7,4,4,4,4,4,2,3,5,5,3,4,4,4,4,4,4,5,3,4,5,4,2,4,3,5,4,4,2,3,3,1,1,1,1,2,1,1,1,2,3,1,1,2,2,2,2,2,2,3,1,1,4,1,4,6,2,3,7,3,6,6,1,1,1,2,4,2,4,3,2,4,2,2,2,4,2,4,4,3,4,2,4,2,1,1,1,1,1,1,4,3,5,4,4,2,3,4,4,3,4,3,5,4,4,2,1,1,1,4,5,2,4,4
65,2,1,3,19,6,2,2,2,2,1,2,3,7,6,6,5,6,5,6,4,6,1,1,2,1,3,1,1,6,7,3,7,6,5,3,6,2,6,6,6,2,6,6,6,7,7,7,5,4,4,6,6,6,5,6,6,6,5,6,83,2,,5,5,5,5,5,5,5,5,2,1,2,2,6,6,6,6,6,6,6,6,6,6,6,6,6,6,6,6,6,6,5,6,6,6,5,5,5,5,5,5,5,5,5,5,5,5,5,5,5,5,4,4,2,3,3,5,5,5,5,5,5,5,1,4,1,3,2,4,3,4,3,1,1,1,2,1,3,4,1,4,1,1,1,2,2,2,5,5,2,1,4,4,4,3,2,3,5,4,4,4,4,2,2,3,3,3,4,4,3,2,2,2,4,4,4,4,4,4,4,4,3,4,4,4,4,4,4,4,4,4,4,4,4,4,4,4,4,4,5,4,1,4,4,4,4,3
68,2,1,4,22,4,7,6,6,5,5,2,2,5,2,3,3,6,5,2,5,5,7,7,2,1,5,1,7,6,6,5,7,7,6,6,6,3,3,6,6,3,7,7,7,7,7,7,7,7,7,6,6,6,7,3,7,5,6,6,51,2,,5,2,2,3,4,4,2,3,2,2,2,6,1,2,1,2,2,2,1,1,3,1,3,5,5,2,1,1,1,2,6,1,6,1,4,4,4,2,4,4,1,5,4,4,1,3,5,4,5,5,3,4,1,2,1,3,2,4,1,3,4,3,1,1,1,1,1,1,1,1,1,1,4,1,1,1,1,5,1,1,1,1,1,1,1,1,1,4,3,1,1,3,7,6,5,2,1,1,4,1,2,3,1,1,1,1,1,3,4,4,3,3,5,4,5,5,5,5,4,2,2,3,2,3,2,3,1,2,1,5,1,2,2,2,4,2,4,1,1,1,1,3,4,4,3,3
71,2,2,3,19,4,6,6,6,6,6,3,5,6,4,4,6,5,6,3,6,7,7,7,5,2,2,2,4,2,6,7,7,7,6,2,7,2,6,7,6,5,7,6,5,6,5,5,5,5,6,3,5,6,3,3,6,6,6,5,60,2,,4,5,5,5,5,4,4,4,1,1,1,2,2,6,5,6,6,5,6,4,6,6,6,6,6,6,6,6,6,6,5,4,4,6,4,4,4,5,5,4,4,5,5,4,4,4,4,5,5,5,5,5,5,4,3,5,5,5,5,5,5,4,2,3,1,3,1,1,1,4,3,1,2,1,4,4,4,4,4,3,2,3,3,6,6,2,2,3,7,6,3,3,3,4,2,2,2,4,2,4,4,2,4,4,3,4,4,2,2,4,2,2,4,4,5,5,5,4,4,2,5,5,4,4,4,4,4,4,4,4,4,4,4,4,4,4,4,4,3,4,4,4,4,4,4,4
74,2,1,3,20,8,5,5,4,5,4,3,4,6,6,5,5,4,4,5,6,6,6,7,5,1,7,1,1,1,2,1,7,6,6,3,6,2,6,7,7,1,6,6,6,6,6,6,4,4,6,6,6,5,7,7,7,7,6,6,50,2,,5,5,4,4,5,5,5,5,2,2,1,2,2,5,6,6,6,6,6,4,6,6,5,6,7,7,7,7,7,6,7,7,7,7,4,4,4,4,4,5,4,4,4,4,4,4,5,5,5,5,5,5,3,3,4,5,5,5,5,4,5,5,2,4,1,1,1,1,1,4,3,1,2,1,3,1,3,4,1,3,1,6,6,6,,5,1,3,5,4,4,2,6,4,2,2,2,3,3,2,4,3,2,4,3,2,2,4,2,3,3,3,4,5,5,4,4,5,4,3,4,4,5,5,5,5,5,4,4,4,4,4,4,3,4,3,3,3,2,4,2,4,4,5,4,4
77,2,1,4,22,4,6,5,5,4,5,5,5,6,6,6,6,5,5,5,5,5,5,5,5,6,6,5,6,5,5,3,6,6,6,4,5,5,5,6,6,3,6,6,6,6,6,6,6,6,6,6,6,6,6,6,6,6,6,6,76,2,,4,4,4,4,4,4,4,4,2,2,1,1,1,6,5,5,3,5,5,5,6,5,5,5,5,6,5,5,5,5,2,2,3,2,4,4,4,3,4,5,4,5,4,4,4,4,4,4,4,4,5,5,5,4,4,4,4,4,4,4,4,4,3,5,1,3,1,3,2,4,4,1,5,1,4,4,4,5,2,5,2,2,3,4,3,4,1,3,4,2,3,5,5,4,5,5,5,4,4,4,4,4,4,4,4,3,4,3,4,4,4,4,4,4,4,4,4,4,4,4,4,4,4,4,4,4,4,4,4,4,4,4,4,4,4,3,4,4,3,4,3,4,4,4,4,4
80,2,1,3,19,4,6,6,7,6,6,5,7,6,5,5,5,5,5,5,4,6,5,7,6,2,5,1,4,3,3,5,5,6,6,2,6,5,6,5,7,1,5,6,5,6,5,5,2,5,5,5,2,3,5,5,5,5,6,6,39,2,,4,4,4,5,4,3,2,4,2,5,3,6,5,2,3,5,2,2,2,1,3,2,5,5,3,5,5,5,5,2,5,5,3,5,2,4,4,2,4,2,4,5,4,2,2,4,4,4,4,4,4,4,1,4,2,2,4,4,4,2,4,2,1,2,1,2,1,1,1,2,1,1,1,1,1,1,1,1,2,1,1,1,1,1,1,1,1,1,1,1,1,1,1,1,1,1,1,1,4,4,2,2,2,2,2,1,1,1,1,1,1,1,5,4,5,5,5,4,2,2,2,2,2,1,4,1,2,2,1,4,2,1,4,4,4,4,4,2,1,2,1,4,4,4,4,4
83,2,1,4,22,8,5,5,4,4,5,2,7,7,1,2,4,6,2,4,4,6,7,7,1,1,6,1,6,5,7,5,5,6,5,7,6,5,4,7,6,1,7,7,7,4,7,7,7,3,7,7,5,4,7,7,6,6,7,4,39,1,3,5,4,2,2,4,4,2,1,1,4,2,6,3,1,1,5,3,3,2,2,3,5,5,5,3,3,3,6,5,4,4,1,5,3,4,4,4,2,3,1,1,1,4,2,4,4,1,1,1,4,2,1,1,3,2,3,4,1,1,4,5,4,1,2,1,1,1,1,2,2,1,2,4,1,1,1,1,4,1,1,1,1,1,1,1,1,1,4,1,1,3,3,5,4,1,1,1,1,3,2,2,1,1,1,1,1,1,1,1,1,1,1,4,5,5,1,4,5,1,1,4,4,4,3,4,4,4,4,3,4,4,4,1,1,4,1,1,1,1,1,1,4,4,5,5,5
86,2,1,4,24,1,6,5,5,4,6,4,6,3,5,2,5,5,4,3,5,5,3,7,2,2,2,2,7,5,6,3,4,6,4,5,6,2,4,7,4,4,6,6,6,6,7,5,4,4,3,4,4,5,3,4,5,6,6,4,56,2,,5,4,3,4,4,4,3,3,2,2,4,5,2,4,5,2,3,3,4,1,5,5,5,5,4,3,2,3,2,4,3,3,5,4,3,4,4,3,3,4,2,3,3,4,2,3,4,4,4,3,4,4,3,4,2,3,3,5,5,3,5,5,1,2,1,1,1,1,1,2,1,1,4,1,2,3,1,4,1,3,1,4,1,1,1,1,1,1,4,2,2,4,4,5,3,3,1,4,4,3,4,2,3,4,2,1,4,3,2,2,2,2,5,5,5,3,4,5,3,2,4,4,5,5,5,5,4,4,4,5,5,5,4,3,4,3,3,2,3,3,1,3,4,4,3,4
89,2,1,3,20,4,5,5,5,6,5,3,5,6,6,3,4,5,5,5,5,5,6,7,2,1,4,1,7,7,7,6,5,6,4,7,6,4,5,5,6,3,4,5,5,5,5,4,4,5,5,5,4,5,5,5,5,5,5,2,26,1,3,3,2,2,2,3,3,4,4,3,4,3,5,4,2,3,5,3,3,4,2,3,2,3,5,5,5,5,5,5,5,4,5,4,4,4,4,4,2,4,3,3,2,2,3,1,2,4,3,3,4,3,4,1,1,3,1,3,3,3,5,5,2,4,3,5,3,1,4,3,3,3,3,3,1,1,1,1,3,2,3,3,1,1,3,2,1,1,1,3,3,2,3,2,5,1,1,1,3,4,4,4,3,2,1,1,1,1,2,1,1,1,1,4,4,4,1,3,4,1,1,1,1,3,1,4,1,1,2,1,4,4,3,3,3,2,2,2,2,2,3,2,2,3,4,3,2
92,2,1,3,20,4,3,3,5,4,3,3,3,6,5,5,5,5,4,4,6,5,7,7,2,1,4,1,5,6,7,2,6,6,5,2,6,2,6,6,6,2,6,6,6,6,6,6,6,6,6,6,6,7,5,6,7,7,6,6,60,2,,4,4,5,4,4,4,4,4,2,1,2,2,4,5,5,5,5,5,5,5,5,6,5,5,5,5,5,6,5,6,4,4,6,5,4,2,3,1,3,2,1,1,1,1,1,1,1,1,1,1,1,1,1,1,1,1,1,1,1,1,1,5,1,4,1,1,1,1,1,4,2,1,2,1,5,2,2,5,1,3,1,4,4,4,3,2,2,2,1,1,4,5,5,5,2,2,2,3,3,4,4,5,5,3,3,4,4,4,3,4,4,4,5,5,5,5,5,5,3,3,5,5,5,5,5,5,5,5,5,5,5,5,4,4,4,4,5,2,2,4,2,4,4,4,4,4
95,2,1,3,21,1,6,6,6,6,5,3,6,6,5,5,5,5,4,4,5,4,5,6,3,1,5,2,4,3,5,3,6,6,6,4,6,3,5,6,6,2,5,5,5,6,6,5,5,5,5,6,4,2,5,5,6,5,4,4,75,2,,4,4,4,3,4,5,3,4,2,1,1,2,2,5,3,5,5,4,4,1,4,5,5,4,6,6,6,7,7,4,4,5,5,6,3,4,4,5,4,4,3,4,4,5,4,4,5,5,5,3,5,5,4,4,2,4,4,4,4,4,5,4,2,3,1,1,1,1,1,2,2,2,4,1,3,3,2,1,2,1,1,3,2,5,3,3,1,1,1,1,2,2,5,5,2,,,2,3,3,4,3,4,4,3,2,2,2,2,2,3,2,4,4,4,4,4,4,4,4,4,4,4,4,4,4,4,4,4,4,4,4,4,4,4,3,3,2,3,3,2,4,4,4,4,4
98,2,2,5,23,4,6,5,6,7,6,5,7,6,7,6,6,7,7,5,3,6,6,7,7,2,7,1,7,7,7,2,6,7,7,3,6,4,6,7,6,2,7,7,7,7,7,7,7,7,7,7,7,7,7,7,7,7,7,7,60,2,,5,4,4,5,4,4,4,3,2,5,6,4,5,3,2,5,6,5,5,5,5,5,6,5,6,7,5,6,7,3,5,5,2,3,2,4,4,4,4,5,4,5,5,5,4,2,4,4,5,3,4,4,3,3,4,4,3,5,5,5,5,5,2,4,1,3,1,1,1,5,5,1,4,1,5,1,5,5,1,5,1,3,6,7,7,7,3,7,7,7,7,6,5,5,6,4,4,5,5,5,5,5,5,5,5,5,5,5,5,5,5,5,5,5,5,5,5,2,4,4,5,5,4,4,4,4,4,4,4,4,4,4,4,4,5,3,5,5,1,2,1,4,5,4,5,5
101,2,1,4,22,1,6,6,2,7,2,5,7,5,2,4,7,6,7,2,7,7,5,7,7,1,5,1,4,6,6,6,3,5,6,7,6,6,5,7,7,2,7,7,5,7,7,2,4,5,7,7,4,6,4,7,7,6,7,4,84,2,,2,2,4,3,4,3,1,3,2,2,4,7,3,1,1,1,1,1,1,1,3,2,6,6,5,5,5,7,5,5,1,1,7,1,2,3,4,3,1,1,3,4,4,4,3,3,2,3,1,1,3,3,1,1,1,1,3,2,1,4,3,5,1,5,1,4,1,1,1,5,3,4,5,1,4,1,2,5,3,5,1,1,1,7,1,1,1,1,1,1,1,1,1,6,1,1,1,1,4,2,3,1,1,4,3,1,1,2,2,2,2,2,5,5,5,5,5,4,3,1,5,5,3,3,2,4,4,4,3,4,4,4,3,4,4,1,1,1,1,1,1,3,4,3,5,4
104,2,1,3,19,8,7,6,7,6,6,2,6,6,5,1,5,3,3,5,6,6,7,7,2,1,5,1,7,7,7,1,7,7,6,1,7,1,7,7,7,1,7,6,5,6,5,5,5,6,5,6,5,5,7,6,7,6,6,6,27,2,,5,4,4,4,5,5,4,2,5,3,3,6,3,3,5,5,5,5,3,3,7,7,7,6,3,5,5,5,5,3,3,3,5,3,4,5,5,5,5,4,4,5,5,4,4,4,4,5,5,5,4,4,2,2,1,4,4,4,5,5,5,5,2,2,1,1,1,2,1,4,2,1,4,1,4,2,2,4,1,4,2,6,3,7,7,6,7,7,7,7,7,7,7,7,2,1,1,5,5,5,5,5,5,5,5,4,4,5,5,5,5,5,5,5,5,5,5,5,5,5,5,5,4,5,3,3,2,4,2,4,4,2,5,5,5,2,2,2,1,1,1,5,5,5,5,5
107,2,2,3,20,4,2,2,2,1,7,7,7,7,5,5,7,7,7,4,6,6,7,7,7,4,4,4,4,4,7,6,4,5,4,4,5,5,5,4,4,5,6,6,6,6,6,6,5,5,6,6,6,6,6,5,5,6,6,6,50,1,1,4,3,4,3,3,3,3,3,5,4,5,5,3,3,2,3,3,3,3,3,3,4,5,3,3,3,5,5,5,4,6,4,5,5,3,3,2,3,3,3,2,2,2,2,4,3,3,4,3,4,4,4,2,2,3,3,2,2,4,3,2,2,1,1,1,1,1,1,4,2,1,2,3,1,1,1,2,2,3,3,1,3,1,1,1,1,1,1,1,1,1,1,1,1,1,1,1,2,4,3,4,4,3,2,1,1,1,1,1,1,1,1,4,4,4,4,4,4,3,3,2,4,3,4,3,4,3,3,4,4,4,4,3,4,4,4,4,2,2,2,2,4,4,3,4,5
110,2,1,3,20,8,5,3,3,3,4,4,5,5,5,5,5,4,4,3,5,4,6,6,5,1,5,1,5,4,5,3,5,6,3,4,5,5,5,5,6,5,7,6,6,5,5,5,6,6,6,6,4,5,5,5,6,6,6,6,90,1,1,5,5,5,5,5,5,4,3,1,1,1,1,1,5,5,5,5,5,6,5,6,5,6,6,6,6,6,7,6,6,6,6,7,6,5,5,5,5,4,5,3,4,5,5,5,5,5,5,5,5,5,5,5,2,2,3,4,4,5,5,5,5,1,2,1,3,1,1,1,2,1,1,4,1,1,2,3,4,3,4,1,3,1,2,3,1,1,5,3,1,1,4,5,5,1,1,2,4,4,3,4,3,4,4,3,2,3,2,2,2,4,3,5,5,5,5,5,5,4,3,5,5,5,4,4,5,5,5,5,5,5,4,5,5,5,3,3,2,2,3,2,5,5,5,5,5
113,2,1,3,20,1,5,6,5,4,2,2,3,6,2,3,4,5,2,2,4,3,5,7,1,1,5,1,5,5,5,5,5,6,5,3,5,2,6,6,3,3,2,2,1,3,2,2,6,7,7,6,5,5,7,7,7,7,7,6,35,1,2,4,2,4,4,4,3,3,2,2,1,4,7,3,3,2,2,4,5,3,4,5,2,5,5,1,2,1,5,1,4,2,1,5,3,4,4,5,4,4,2,2,4,4,2,2,2,5,5,4,4,4,3,1,1,1,1,3,4,1,4,5,2,1,1,1,3,1,1,2,2,1,1,4,1,1,2,3,4,4,3,1,2,2,2,2,2,1,5,2,2,1,2,1,5,2,1,4,2,2,3,3,1,1,1,1,1,1,2,2,2,4,3,2,3,4,4,4,4,2,2,2,4,2,2,3,3,4,2,2,2,4,3,3,3,4,4,4,1,1,1,1,4,4,4,3,4
116,2,1,3,21,4,6,6,7,6,6,4,5,6,5,5,5,6,4,4,5,6,6,6,3,2,5,1,4,6,7,3,5,5,4,5,5,2,5,6,4,4,7,7,6,7,6,6,7,7,6,6,5,6,6,5,7,5,5,4,16,1,2,4,2,3,2,4,4,3,4,3,3,5,6,2,3,1,3,2,3,2,1,4,5,4,4,3,4,3,5,4,2,4,3,3,3,3,3,4,2,2,3,4,4,2,3,1,2,3,4,3,4,3,4,3,3,1,3,3,5,4,3,4,1,4,1,3,2,1,2,2,1,1,1,2,1,1,1,1,2,2,1,1,5,5,5,5,2,1,2,1,1,1,1,4,5,1,1,2,1,4,2,1,1,2,4,1,3,3,1,1,1,4,1,3,4,4,3,2,3,4,4,2,1,2,3,2,1,2,2,2,3,2,4,2,2,4,3,3,2,1,2,1,3,3,3,4,3
119,2,2,3,20,1,7,7,7,7,2,1,6,5,3,2,2,3,2,3,3,5,6,5,2,1,3,1,5,3,2,2,6,6,5,3,6,3,5,7,6,1,6,6,5,7,6,6,7,7,7,7,5,5,6,6,6,5,6,6,80,2,,5,5,4,5,4,4,4,4,1,1,1,3,1,3,2,1,4,4,3,3,5,5,6,7,6,5,5,6,5,4,5,1,5,3,4,4,2,2,3,4,4,5,4,5,4,4,5,5,3,4,5,5,3,4,1,2,3,5,4,5,4,4,1,2,1,2,1,1,1,4,1,1,2,1,2,2,3,3,2,1,1,3,1,1,1,1,1,1,1,1,1,6,5,5,1,1,1,2,4,2,4,2,1,4,1,1,1,4,1,1,1,1,5,5,5,4,4,2,4,4,4,4,4,5,4,4,5,4,4,4,5,4,4,4,5,5,5,2,1,1,1,4,5,5,5,5
122,2,1,3,21,4,6,2,5,6,5,4,6,5,7,4,5,5,4,4,5,6,5,6,5,2,4,2,4,2,5,3,6,6,5,5,5,4,5,5,5,4,7,7,7,6,6,5,5,6,5,5,6,5,5,2,5,4,5,4,85,2,,5,3,4,4,4,4,3,4,1,6,2,2,2,6,5,6,5,6,6,2,5,3,7,5,5,7,7,6,6,6,6,7,6,6,4,5,5,4,3,3,4,4,4,4,4,4,4,4,4,4,4,4,2,2,2,3,3,3,4,3,5,3,1,2,1,1,1,1,1,1,1,1,2,1,1,2,1,1,1,1,1,3,4,5,4,5,5,5,5,3,4,5,5,4,2,1,1,4,2,4,4,3,4,5,4,4,5,5,4,4,4,4,4,4,4,4,4,4,2,2,2,4,4,4,4,4,4,3,3,4,4,4,4,4,4,4,4,4,4,4,3,4,4,4,4,4
128,2,1,3,19,1,6,6,4,4,2,3,2,5,6,4,5,5,4,6,5,6,6,7,2,2,5,2,4,6,7,4,4,3,5,5,6,3,5,3,4,2,6,6,6,6,6,6,6,6,5,6,6,6,6,6,7,6,6,6,90,2,,5,5,4,4,4,4,4,3,1,2,1,2,1,5,3,3,5,4,4,4,4,5,6,6,6,6,6,5,6,5,4,5,4,4,4,4,3,3,4,4,4,4,4,4,3,3,4,4,4,4,4,3,3,3,3,3,3,4,4,4,5,5,2,4,1,1,1,1,1,5,4,1,1,1,1,2,1,1,1,4,1,1,1,1,5,1,1,1,4,1,3,5,7,7,1,1,1,3,3,4,4,4,4,4,4,2,2,4,1,3,3,2,4,4,5,4,4,5,4,4,4,4,5,4,4,4,4,4,4,4,5,3,4,4,4,4,5,5,4,4,4,4,5,4,4,4
131,2,1,3,20,1,6,3,5,3,3,3,4,6,5,4,4,4,5,4,5,6,5,3,6,3,4,2,5,5,7,2,6,6,6,5,6,4,3,6,6,2,6,5,5,5,5,5,4,7,5,5,5,5,4,4,6,5,4,4,45,1,1,5,4,4,3,4,3,4,3,1,2,1,4,2,4,4,5,5,3,5,3,3,3,4,4,4,3,3,4,4,5,6,5,6,4,3,4,3,3,3,4,4,5,3,4,4,3,3,4,4,4,5,5,3,3,4,3,4,3,4,4,4,4,1,3,1,3,1,4,1,4,3,2,3,1,3,4,3,4,4,3,3,4,3,3,5,3,1,6,6,4,4,3,4,4,3,3,3,3,4,2,3,3,4,3,3,4,3,4,3,3,3,3,4,3,5,3,3,4,2,2,2,3,4,3,3,3,3,3,4,3,4,4,3,4,4,4,3,3,2,4,2,3,3,4,4,4
134,2,1,3,20,4,6,4,5,5,4,5,6,6,6,4,3,6,6,6,4,5,6,6,5,1,6,3,4,5,5,6,3,3,3,6,2,2,2,1,3,1,6,6,6,6,6,6,3,5,4,4,2,5,6,6,6,4,5,5,100,2,,5,5,5,5,5,5,5,4,1,1,2,2,1,6,6,6,6,6,6,1,6,6,7,6,6,5,6,4,6,6,5,4,6,6,5,5,5,5,5,5,5,5,5,5,5,5,5,5,5,5,5,5,5,5,4,5,5,5,5,4,5,4,2,1,1,1,1,3,1,1,1,1,4,1,1,4,1,4,1,1,2,1,1,1,1,1,1,1,1,1,1,2,1,1,1,1,1,1,4,2,4,3,3,4,2,4,2,1,1,1,3,1,3,4,4,4,4,4,4,4,4,4,5,5,5,5,5,5,5,5,5,5,5,5,5,5,5,2,1,4,2,5,5,5,5,5
137,2,1,3,19,1,3,6,2,6,5,2,5,6,6,3,3,2,2,5,6,1,7,6,6,1,6,1,6,5,7,5,6,5,6,6,6,2,6,7,3,3,6,2,5,5,6,4,6,6,6,6,2,6,6,6,5,6,6,5,16,2,,4,5,4,4,4,4,4,5,1,5,1,5,2,2,3,3,2,2,2,7,2,3,2,3,4,5,6,6,6,2,3,2,3,3,4,5,5,4,5,5,3,5,4,4,3,4,5,5,5,5,4,5,5,4,5,5,5,5,5,5,5,5,1,4,1,1,1,1,1,3,1,1,2,1,1,2,1,5,1,3,1,1,1,6,1,1,1,1,3,2,1,7,7,7,1,1,1,4,5,2,1,1,1,5,1,1,1,4,1,4,1,1,5,5,5,5,5,5,5,5,5,5,5,5,5,5,3,5,3,5,5,4,5,4,4,3,4,2,2,1,1,5,5,5,5,5
140,2,2,5,28,1,5,5,5,4,4,4,5,5,3,5,5,4,4,4,6,6,6,6,6,1,2,1,6,7,7,1,7,7,6,2,6,1,6,6,6,2,6,6,6,5,5,5,5,5,5,6,4,7,5,4,7,5,5,5,60,1,1,4,3,2,3,4,3,3,3,2,4,2,3,4,4,3,4,4,3,4,2,5,5,4,4,5,5,5,7,7,4,4,4,7,4,3,3,2,3,3,4,3,4,4,3,3,4,4,4,3,3,4,4,3,3,3,3,3,3,3,4,4,3,2,2,1,1,1,1,1,3,2,2,4,1,2,1,3,4,1,3,1,1,1,3,1,1,1,1,1,1,1,2,1,3,1,1,1,1,5,1,1,2,1,3,2,1,1,1,1,1,1,1,3,4,3,3,3,4,2,2,2,2,3,3,2,3,3,3,2,2,2,2,3,4,4,3,2,1,1,2,1,3,3,4,4,4
143,2,2,3,19,8,6,6,6,6,6,6,6,6,5,4,4,4,4,5,4,5,5,6,6,1,5,1,7,4,7,3,6,6,5,4,6,4,4,4,5,2,7,6,5,6,6,6,6,5,5,5,4,4,5,5,6,5,5,5,70,1,1,4,4,4,4,4,4,4,4,1,1,1,2,1,6,6,6,5,5,6,3,6,5,6,6,4,4,4,4,4,6,5,7,6,6,5,5,5,5,4,5,5,5,5,5,5,5,5,5,5,5,5,5,3,3,1,2,3,4,4,3,3,2,1,2,1,1,1,1,1,2,1,1,1,1,1,1,1,1,1,1,1,2,1,1,1,1,1,1,1,1,1,2,5,4,1,1,1,1,2,2,1,1,2,4,1,2,2,1,1,1,1,1,4,4,4,4,4,4,4,4,4,4,4,3,3,4,4,4,4,4,4,4,4,4,4,4,4,2,2,2,2,4,4,3,4,4
146,2,2,3,20,4,6,5,5,5,6,7,7,5,5,5,5,6,5,4,6,6,7,7,7,2,3,1,6,4,6,5,5,7,4,5,5,6,4,6,6,6,7,7,7,7,7,7,5,5,5,6,6,7,2,4,6,7,3,5,55,2,,4,4,3,2,4,4,4,3,5,3,7,6,5,5,4,3,3,3,3,1,5,3,3,5,3,2,2,1,1,5,3,2,1,1,4,4,3,3,2,3,4,4,4,4,3,4,4,4,5,4,3,3,1,3,1,2,3,3,3,3,3,4,4,5,4,3,3,4,3,3,3,5,5,5,3,4,4,4,5,4,4,6,4,3,3,4,4,5,3,4,3,5,6,6,6,6,6,3,4,4,4,5,1,1,1,4,1,4,4,4,4,2,3,4,4,4,4,4,2,1,2,1,3,3,4,3,2,3,3,1,2,2,4,3,5,1,1,1,1,1,1,4,4,4,4,3
149,2,3,3,19,1,7,6,6,6,5,4,5,4,2,3,3,3,3,3,5,5,6,3,4,1,5,1,3,2,5,4,5,5,4,4,5,3,5,5,5,2,7,4,3,3,2,3,6,6,7,7,4,5,3,5,6,7,7,7,75,2,,4,4,4,3,2,4,3,3,2,2,3,4,3,3,4,1,2,3,4,2,5,5,6,6,4,5,4,7,4,5,4,3,5,5,4,4,5,4,3,3,4,4,4,3,3,2,4,4,3,2,3,4,2,3,1,3,3,4,2,3,4,3,2,2,1,1,1,1,1,1,1,1,3,1,1,2,1,3,1,2,1,1,1,1,1,1,1,1,3,1,2,2,3,2,1,1,1,2,4,4,3,2,3,3,2,4,3,2,2,2,4,2,3,5,4,3,3,3,2,2,3,4,4,4,3,4,4,3,4,4,4,4,3,2,4,3,3,2,1,2,1,3,4,3,4,5
151,2,2,4,24,4,4,5,5,6,6,6,6,5,4,4,5,5,6,6,5,5,6,6,5,3,5,4,5,5,5,3,6,6,5,5,6,5,4,5,5,4,6,6,5,5,6,6,5,5,6,6,4,5,5,5,6,6,5,5,70,2,,5,4,4,4,5,5,4,4,5,5,4,4,3,6,5,5,5,5,5,6,5,5,6,6,5,5,6,5,6,5,4,5,5,5,5,4,4,4,4,5,5,5,4,5,4,5,4,5,5,5,4,4,5,5,4,5,4,4,5,5,5,4,4,5,1,1,1,2,3,3,3,3,2,2,4,1,3,3,3,2,1,5,3,4,6,4,3,5,4,1,2,3,6,6,7,7,5,4,3,3,4,4,3,4,4,4,4,4,4,4,4,4,5,5,4,4,4,4,4,4,3,4,4,4,5,4,4,4,4,4,4,4,4,4,5,4,4,4,4,3,4,4,4,4,4,5
152,2,2,3,19,4,6,5,6,6,6,5,6,6,5,5,3,4,4,5,5,6,7,7,5,2,4,1,6,4,6,2,6,6,5,7,6,4,3,5,6,2,5,7,6,7,7,7,5,5,5,5,4,5,5,5,7,5,5,4,70,1,1,4,4,4,4,4,4,4,4,3,3,2,2,3,3,5,4,4,5,4,2,5,5,6,5,6,5,5,5,6,5,6,4,6,4,4,5,5,3,3,4,4,4,3,4,3,4,4,4,5,5,3,3,3,3,3,3,3,3,4,3,4,4,2,4,1,3,1,1,1,3,3,1,1,1,2,1,1,2,1,1,1,1,1,1,1,1,1,1,1,1,1,1,1,1,1,1,1,4,3,4,4,3,4,3,2,2,2,1,1,1,1,1,4,4,4,5,4,5,4,4,4,4,4,5,4,4,4,4,4,5,4,4,4,3,4,2,3,4,2,3,2,4,4,4,4,4
153,2,1,3,20,3,3,3,3,2,3,5,6,6,5,4,4,5,5,5,5,5,6,3,6,1,5,1,6,7,7,3,6,5,2,5,5,3,4,6,5,5,5,5,5,5,5,3,3,6,6,6,5,6,5,5,5,7,7,5,86,1,1,5,5,5,4,4,5,5,3,1,1,1,2,1,5,3,5,5,5,4,1,6,5,7,7,7,7,7,7,7,5,7,7,5,7,4,5,5,4,5,5,5,5,5,5,5,5,5,5,5,4,5,4,2,3,5,5,5,5,5,4,4,5,1,5,1,3,1,1,1,3,2,1,2,1,2,1,1,5,1,4,1,3,2,1,3,1,2,5,4,3,3,5,7,7,3,3,3,4,4,2,4,4,4,4,3,4,4,3,3,4,4,3,5,2,2,5,4,5,5,3,2,2,4,4,3,3,4,4,2,4,4,4,5,5,5,5,5,3,2,4,2,5,5,5,5,5
155,2,2,4,22,4,5,5,6,4,6,4,6,6,4,4,2,4,5,4,6,6,6,6,2,1,4,1,4,6,7,4,5,6,4,5,6,5,6,6,7,2,7,7,5,5,5,5,1,2,5,5,6,6,2,2,5,2,2,2,,,,,,,,,,,,,,,,,,,,,,,,,,,,,,,,,,,,,,,,,,,,,,,,,,,,,,,,,,,,,,,,,,,,,,,,,,,,,,,,,,,,,,,,,,,,,,,,,,,,,,,,,,,,,,,,,,,,,,,,,,,,,,,,,,,,,,,,,,,,,,,,,,,,,
158,2,2,4,21,1,6,5,6,5,6,3,7,7,6,3,5,5,5,2,5,6,6,7,2,1,5,1,1,1,3,3,5,6,6,3,6,2,7,5,3,1,7,6,6,7,6,6,5,7,7,7,6,7,3,3,4,5,7,7,75,1,1,5,5,5,5,5,5,4,2,1,1,1,1,1,5,5,6,4,5,5,6,7,5,6,6,7,7,7,7,7,5,7,3,6,5,4,5,3,4,5,5,4,5,5,5,4,4,5,5,5,5,4,4,2,3,4,4,4,5,5,5,5,4,1,5,1,4,1,1,1,5,4,1,1,1,5,1,4,5,1,4,1,5,6,7,7,6,2,4,5,1,5,4,4,7,1,1,1,4,5,4,4,3,4,4,3,4,3,4,3,4,5,4,4,5,5,4,4,3,5,5,2,4,5,2,4,5,5,4,4,4,4,5,5,4,4,4,5,4,2,3,2,4,4,4,4,4
161,2,2,4,21,4,4,2,3,2,4,4,5,6,4,3,5,5,4,4,5,6,6,6,5,2,5,3,6,6,6,7,6,6,5,3,6,2,6,6,5,1,6,6,5,5,6,6,6,6,6,6,7,7,6,7,7,6,6,6,59,2,,4,3,3,4,4,4,4,4,5,4,5,4,4,3,4,5,4,4,4,4,5,5,5,5,4,5,5,5,5,5,4,4,3,4,4,4,3,3,4,4,4,4,4,4,4,4,4,4,4,5,5,4,2,2,3,3,4,3,4,4,4,4,3,4,2,3,1,1,2,3,2,2,4,1,2,2,3,5,3,4,1,3,1,2,1,2,1,4,1,1,1,2,1,5,3,1,1,1,4,2,4,2,4,4,2,3,4,3,2,4,3,2,5,4,5,4,4,4,4,4,4,4,4,3,3,4,3,4,3,5,3,3,3,4,4,4,4,3,2,5,2,4,4,4,4,4
164,2,2,3,21,1,5,5,6,5,2,2,5,7,2,1,2,5,2,3,2,5,6,6,1,1,3,1,1,6,7,1,7,6,5,2,7,1,7,6,4,1,5,3,2,6,5,3,2,5,3,2,5,6,3,5,7,5,6,2,30,1,1,5,4,4,1,5,4,2,4,3,3,5,6,3,2,3,5,2,2,2,1,4,5,5,5,4,5,4,5,4,4,2,1,3,1,2,4,2,2,3,4,2,5,2,2,1,2,3,4,4,4,2,4,2,3,2,2,3,3,2,3,1,3,2,3,1,2,1,2,2,2,1,1,3,1,1,2,1,3,3,2,2,4,1,1,1,1,1,3,1,1,1,2,6,7,1,1,1,1,1,2,2,1,4,4,2,1,1,1,1,1,1,1,2,5,3,1,4,4,4,4,1,1,2,4,4,3,2,4,3,2,2,2,4,4,4,4,4,2,1,2,1,2,3,2,4,3
3,3,1,3,19,4,6,6,5,7,3,3,5,5,6,4,6,5,3,3,5,6,2,6,6,2,2,1,4,4,6,2,6,6,6,5,6,2,6,6,6,1,6,6,6,6,6,6,5,6,5,4,6,6,4,6,5,7,6,5,56,2,,4,4,4,4,4,4,3,3,1,1,1,1,1,6,5,6,5,5,5,3,4,5,6,5,5,6,4,7,5,3,3,5,5,5,4,3,4,5,4,5,4,5,5,5,2,3,5,5,5,5,5,5,3,3,3,3,4,5,4,4,4,5,1,4,1,4,1,1,1,5,3,1,4,1,5,2,5,4,1,4,1,1,1,4,4,2,5,6,6,3,4,5,3,6,2,2,2,3,4,3,4,5,3,4,4,3,4,4,3,4,4,4,5,5,5,5,5,5,4,3,3,5,5,5,5,5,3,4,4,5,5,5,4,4,5,3,4,3,2,4,3,4,5,4,5,4
6,3,2,3,19,1,5,4,5,4,6,3,5,7,2,5,4,4,5,3,6,6,7,7,6,1,5,1,5,7,7,3,6,5,3,4,5,6,3,4,7,1,6,5,6,6,6,5,6,6,6,6,2,6,6,5,6,6,5,5,60,2,,4,1,4,5,4,3,4,3,1,2,1,1,2,4,6,4,5,5,5,1,6,6,5,5,6,6,5,7,6,4,7,4,6,6,3,4,4,4,5,4,4,5,3,4,4,4,5,5,3,5,5,5,2,3,2,3,3,3,4,3,3,3,1,2,1,1,1,1,1,2,1,2,1,1,1,2,1,4,2,3,1,1,1,1,1,1,2,2,1,1,1,3,1,1,1,1,1,2,4,1,4,3,2,4,4,3,2,1,1,1,3,1,4,3,3,4,3,5,4,4,3,4,4,4,4,3,3,4,3,2,3,3,3,4,4,2,4,3,1,3,2,3,4,3,5,3
9,3,1,3,19,1,4,2,3,3,6,5,5,6,3,2,3,6,3,4,6,6,7,6,1,1,3,1,4,7,6,2,5,6,5,6,6,5,4,7,6,1,6,6,3,6,5,6,6,6,7,5,5,7,6,5,5,6,6,6,29,2,,4,2,1,2,5,4,2,1,2,1,5,6,3,3,3,1,2,3,2,3,5,5,5,5,6,5,2,5,5,2,2,5,5,2,5,4,3,4,2,3,1,3,2,4,2,3,2,2,4,3,3,4,1,2,2,3,1,2,3,1,2,2,4,1,1,1,1,3,4,1,1,4,1,1,1,2,1,1,3,1,4,1,1,1,1,1,1,1,1,1,1,7,5,6,5,3,4,4,3,2,4,1,2,4,1,2,2,2,2,2,2,2,2,1,1,1,1,4,1,1,1,1,1,1,3,3,1,1,2,2,3,1,3,2,3,4,4,1,2,2,1,2,2,2,2,3
12,3,1,4,34,3,7,5,5,7,5,5,5,7,3,6,6,6,6,6,5,5,7,6,2,1,6,1,1,6,7,5,5,5,5,6,5,6,5,5,5,6,6,6,6,7,6,6,2,6,5,7,3,7,2,2,7,7,6,2,95,2,,5,5,5,5,5,5,5,4,1,1,1,1,1,7,7,7,7,7,7,3,7,7,7,7,7,7,6,7,7,7,7,7,7,7,5,5,5,5,5,5,5,5,5,5,5,5,5,5,5,5,5,5,5,5,5,5,5,5,5,5,5,5,1,5,1,3,1,1,1,1,1,1,5,5,4,4,5,3,5,5,5,6,6,6,7,7,3,7,7,7,7,7,7,7,7,7,7,5,5,5,5,5,5,5,5,5,5,5,5,5,5,5,5,5,5,5,3,5,4,4,5,5,5,5,5,5,5,5,5,5,5,5,5,5,5,5,5,5,5,5,5,5,5,5,5,3
15,3,1,3,19,4,6,4,7,5,5,5,7,7,4,6,6,7,6,5,5,6,7,7,5,3,4,3,4,7,7,3,5,6,6,5,5,4,6,6,6,5,7,7,6,7,7,7,5,6,7,6,6,6,5,4,6,7,4,4,60,2,,5,3,4,3,3,4,3,4,4,3,5,4,4,3,3,5,5,4,5,6,5,4,3,5,5,6,4,4,5,3,4,5,4,5,4,3,5,3,4,4,3,5,5,5,3,3,4,4,4,5,4,3,3,4,4,4,2,3,3,3,4,5,2,4,1,3,2,4,3,3,4,2,3,2,3,4,5,4,3,4,3,4,5,6,5,5,4,4,5,3,3,4,4,4,3,3,4,5,3,4,4,4,4,5,5,3,3,3,4,4,5,3,3,2,4,4,4,3,2,3,3,4,3,4,4,3,4,4,3,4,3,3,5,4,4,4,3,3,1,4,2,4,1,3,4,3
18,3,1,3,19,1,6,6,6,6,5,3,5,6,2,3,5,3,3,4,4,5,5,6,1,1,4,1,4,5,5,3,5,6,5,6,6,2,4,5,6,2,6,6,3,5,6,6,5,7,6,6,6,6,5,5,5,6,6,6,57,2,,5,5,4,4,4,5,4,3,2,1,1,4,2,5,4,3,5,5,5,4,6,6,6,6,5,5,4,1,3,6,1,5,6,5,5,5,5,4,3,3,4,5,4,5,5,5,4,5,3,4,4,3,1,2,1,3,4,4,3,3,4,3,1,1,1,1,1,1,1,1,1,2,3,1,2,1,1,3,1,1,1,3,2,6,1,2,1,1,1,1,1,5,5,5,1,1,1,4,3,2,2,2,1,4,1,1,1,2,3,4,4,1,2,2,2,2,2,5,4,4,1,1,4,2,1,3,3,4,3,1,2,3,4,4,4,4,4,1,1,1,1,4,5,4,5,4
21,3,1,3,20,3,6,3,4,4,2,3,6,6,2,2,3,5,3,2,4,4,6,5,2,1,5,1,5,5,7,3,6,5,4,5,6,3,6,6,5,1,4,4,4,5,5,5,6,6,5,5,4,6,5,6,7,5,6,5,45,1,2,3,2,2,2,4,3,3,4,3,5,5,6,1,2,3,3,4,3,3,4,5,2,3,5,1,3,2,4,4,3,5,5,3,3,3,5,5,4,4,2,3,4,4,3,3,4,5,5,5,4,3,5,1,1,2,3,3,4,2,4,3,2,2,1,3,3,1,2,2,1,1,3,1,2,2,4,3,3,2,4,4,6,5,4,6,6,4,4,4,5,3,3,2,2,2,3,1,1,4,1,2,3,5,1,1,4,3,2,3,4,3,1,2,1,1,1,1,3,2,2,1,1,2,1,2,1,1,1,1,1,1,1,4,3,3,2,1,3,1,1,1,4,4,4,5,5
24,3,1,6,37,6,6,6,5,6,4,4,4,5,5,5,5,5,6,5,4,5,5,6,5,2,5,2,4,6,6,5,4,4,4,5,4,4,4,4,4,3,5,6,6,6,5,5,3,3,3,3,3,3,3,3,3,3,3,3,78,2,,4,4,4,4,4,4,3,4,2,2,2,1,5,5,3,4,5,5,5,3,4,3,4,4,5,4,4,5,5,4,5,5,4,4,4,4,3,4,4,4,4,4,4,4,4,4,4,4,3,4,4,4,2,2,2,3,3,3,4,2,4,4,3,4,1,3,1,1,1,4,1,1,3,1,3,1,3,3,1,3,1,4,3,2,2,2,2,6,5,2,5,3,3,5,3,3,3,3,3,3,3,2,4,4,4,2,3,3,2,3,4,3,2,4,4,4,4,4,3,3,2,2,4,3,3,3,3,3,2,2,3,2,3,2,3,2,3,2,2,3,2,3,3,3,3,3
27,3,2,5,28,1,6,6,6,6,3,5,5,6,2,2,1,6,5,3,4,5,6,6,6,1,6,1,6,6,5,2,6,6,2,4,6,2,5,4,4,1,6,6,6,5,6,5,5,5,6,6,5,5,6,6,6,5,5,5,70,2,,5,4,4,4,3,4,2,2,2,2,2,6,4,4,3,4,4,4,5,2,5,6,5,6,6,4,4,5,4,4,5,2,5,4,4,5,4,4,3,3,4,5,5,5,4,5,5,5,5,5,3,3,2,2,1,3,4,4,3,3,4,4,1,2,1,1,1,1,1,2,1,1,2,1,1,1,1,3,1,1,1,1,1,5,5,5,1,5,1,1,5,5,6,6,1,1,1,4,5,4,4,3,4,4,2,3,4,4,2,5,4,4,4,4,4,4,4,4,1,1,2,3,4,4,3,4,4,4,2,4,4,3,4,4,4,3,4,1,2,2,2,4,5,4,4,4
30,3,1,4,22,4,7,6,6,5,6,6,5,5,4,4,4,5,4,4,5,6,5,5,6,3,2,2,4,5,6,2,6,6,5,3,5,3,5,4,4,3,6,6,6,6,6,6,5,6,5,5,5,5,4,4,5,6,5,4,58,2,,4,3,3,3,2,3,3,4,3,3,3,3,3,5,4,4,4,4,4,4,5,5,4,5,4,6,6,6,6,5,5,5,5,6,4,4,4,4,5,5,5,5,5,4,4,4,4,4,4,4,4,4,3,3,3,3,2,3,2,3,4,5,1,2,1,1,1,2,1,2,3,1,1,1,3,2,4,5,1,5,2,3,2,3,5,3,2,4,1,1,2,3,6,6,2,1,1,4,3,3,3,4,4,2,3,2,3,3,2,3,4,4,2,2,2,2,2,3,4,4,3,3,3,3,3,3,4,4,4,4,4,4,4,3,4,3,4,2,4,3,4,4,4,3,4,3
33,3,1,3,20,4,5,6,5,5,3,2,4,5,4,5,5,6,4,3,4,6,4,5,6,1,1,1,2,3,5,2,4,6,5,3,6,3,5,6,5,3,6,6,6,6,6,6,6,6,6,6,5,5,6,5,6,6,6,5,72,2,,4,4,4,4,4,4,3,3,2,2,2,3,2,4,3,2,3,3,5,2,5,5,5,6,4,4,5,6,4,5,5,4,5,4,4,5,4,4,4,4,4,5,4,4,4,4,4,4,4,3,5,4,2,2,2,2,3,3,3,3,4,3,1,3,1,1,1,1,1,2,2,1,4,1,3,2,3,4,2,3,1,3,2,3,4,3,3,4,4,3,5,4,6,5,2,2,2,3,4,3,4,4,4,4,4,4,3,4,3,5,4,4,5,4,4,3,4,4,3,3,4,4,4,4,4,3,4,3,3,4,3,3,4,3,4,4,4,2,2,3,2,4,4,3,4,4
36,3,1,4,23,4,6,6,6,6,4,5,6,5,5,5,5,5,4,4,4,5,6,6,6,2,3,1,4,4,4,5,5,6,5,5,5,3,6,5,6,3,6,6,6,6,6,6,6,6,6,6,3,6,2,2,6,6,6,6,68,2,,4,4,2,2,4,4,4,4,1,1,2,2,1,2,5,6,5,5,5,5,5,5,5,5,5,5,6,6,5,5,5,5,5,4,4,4,4,4,4,4,4,4,4,4,4,4,4,4,4,4,4,5,3,3,3,4,4,4,4,4,4,3,2,3,1,3,1,2,2,3,2,1,2,1,1,2,3,4,2,2,2,4,3,3,5,3,3,5,3,3,4,4,4,4,2,2,2,3,4,4,4,4,4,4,4,3,3,4,3,4,4,4,4,4,4,4,4,3,4,4,4,4,4,4,4,4,3,3,4,4,4,4,4,4,4,4,4,3,2,3,2,4,4,4,4,4
39,3,1,3,20,4,6,6,5,6,6,5,6,6,3,5,6,6,6,5,6,6,5,7,5,1,6,1,4,2,5,1,6,6,6,3,6,5,6,6,5,2,7,7,7,7,7,7,6,7,7,7,6,6,6,5,7,6,7,6,74,2,,4,4,2,2,4,4,4,2,2,2,2,2,1,6,4,3,5,5,5,1,5,6,5,6,6,6,4,6,6,6,6,4,6,6,4,5,3,4,3,5,5,5,5,4,5,5,5,5,5,4,4,4,3,3,2,3,3,4,4,3,2,4,1,3,1,3,1,2,1,3,1,2,5,1,1,2,4,5,2,5,2,2,1,5,2,6,3,6,4,1,2,4,5,5,2,2,2,5,5,4,4,4,4,4,4,3,3,3,3,4,4,4,5,4,5,4,3,4,4,3,4,4,4,4,4,4,4,3,3,5,5,4,4,4,4,4,4,4,1,3,3,5,5,5,5,5
42,3,2,3,19,1,5,6,6,5,2,2,5,4,2,2,3,5,5,5,2,3,5,1,1,1,1,1,1,1,6,5,4,3,4,5,5,3,5,5,5,3,5,5,3,3,5,4,3,5,5,5,5,5,5,7,7,7,7,7,,,,,,,,,,,,,,,,,,,,,,,,,,,,,,,,,,,,,,,,,,,,,,,,,,,,,,,,,,,,,,,,,,,,,,,,,,,,,,,,,,,,,,,,,,,,,,,,,,,,,,,,,,,,,,,,,,,,,,,,,,,,,,,,,,,,,,,,,,,,,,,,,,,,,
45,3,1,3,19,4,6,5,4,6,2,2,5,5,4,5,5,5,4,4,4,4,5,5,5,1,2,1,4,4,5,5,4,5,4,4,5,5,5,5,5,4,5,6,6,6,5,5,3,5,5,5,4,4,3,3,4,5,5,5,48,2,,5,3,2,2,4,3,2,3,2,2,3,4,3,3,4,4,4,3,4,3,4,4,3,4,4,4,3,5,5,4,3,4,5,5,3,4,4,3,3,4,4,4,4,4,4,4,4,4,4,4,4,4,3,3,2,3,3,4,3,4,3,3,2,2,1,3,1,1,1,3,1,1,3,1,2,2,3,3,2,2,1,2,2,2,2,2,1,1,2,2,3,3,4,4,2,1,1,3,3,2,2,2,3,3,2,2,2,2,2,2,3,2,3,4,4,3,3,4,2,2,3,3,3,2,2,3,3,2,3,3,4,3,3,3,4,3,3,2,3,4,2,3,4,4,4,4
48,3,2,3,20,1,5,5,5,5,2,3,5,5,4,3,5,5,4,3,4,5,6,6,5,2,4,2,5,3,7,2,5,5,5,3,5,3,2,5,6,2,6,6,6,6,6,5,6,5,5,4,5,5,5,5,6,6,6,5,76,2,,5,5,5,5,5,5,4,4,2,4,1,5,2,5,5,6,5,5,5,4,6,5,5,5,6,6,6,6,6,5,6,6,6,5,4,4,4,4,5,5,5,5,5,5,5,5,5,5,5,5,5,5,4,4,4,3,5,5,5,5,5,4,1,3,1,3,1,1,1,4,3,1,4,1,4,2,4,4,2,4,1,5,2,1,3,1,1,1,2,1,2,3,4,,2,2,1,4,4,4,4,4,2,4,2,1,2,2,2,2,4,3,5,5,5,5,5,5,4,4,2,2,4,3,4,4,3,4,4,4,4,4,5,5,5,5,5,3,3,4,2,5,5,5,5,4
51,3,1,3,19,1,5,3,5,5,2,4,4,7,2,6,4,1,3,4,7,7,7,7,7,1,4,1,5,1,7,1,7,7,6,7,7,1,7,7,7,1,6,7,6,7,7,7,6,7,7,7,6,7,7,6,7,7,7,6,77,2,,5,5,5,5,5,5,3,3,2,1,4,4,2,2,3,6,2,2,3,2,6,6,6,5,7,7,7,7,7,4,4,5,6,5,2,4,4,2,5,3,3,5,5,5,4,5,5,5,5,5,5,5,3,3,4,3,3,5,5,4,5,5,1,3,1,3,1,1,1,3,2,1,2,1,1,1,1,5,1,3,1,1,2,1,1,1,1,1,3,1,2,1,7,5,1,1,1,3,4,3,4,4,3,5,3,1,2,3,3,2,3,4,5,5,5,5,5,5,5,5,1,3,5,4,5,4,3,5,5,3,5,5,3,4,5,3,4,2,1,3,1,3,5,5,5,5
54,3,1,3,22,1,6,6,6,6,6,7,7,6,4,6,6,6,6,4,7,7,2,7,7,1,1,4,6,7,6,2,5,5,3,3,5,3,3,7,7,2,7,7,7,7,7,7,7,7,7,7,7,7,6,6,7,6,7,7,93,1,2,5,5,5,5,5,5,2,3,1,1,1,1,1,6,6,6,6,6,6,6,6,6,6,6,6,6,6,6,7,6,5,6,6,6,5,5,5,5,5,5,5,5,5,5,3,5,5,5,5,5,5,5,2,4,2,3,4,5,5,4,5,2,1,2,1,4,1,1,1,4,1,1,1,1,1,1,1,1,1,1,1,1,1,1,1,1,1,1,1,1,1,1,5,5,1,1,1,1,2,4,3,3,2,2,1,1,1,1,1,1,1,1,5,5,5,5,5,5,2,2,5,5,5,5,5,5,5,5,5,5,5,5,5,5,5,5,5,2,2,2,2,5,5,5,5,5
57,3,1,3,20,1,6,5,6,6,3,5,6,5,6,6,6,3,3,5,6,6,6,6,6,2,5,1,3,5,6,7,3,2,2,6,5,7,3,3,5,2,5,5,6,6,6,6,3,6,6,6,3,3,6,6,6,6,6,6,79,1,2,4,4,2,4,4,4,3,4,2,2,1,2,1,5,4,5,4,4,4,3,5,6,6,6,6,6,4,4,5,5,5,3,5,5,4,3,5,4,3,2,5,4,4,4,3,4,5,5,4,4,4,4,2,3,3,4,3,4,4,4,3,5,1,2,1,1,1,1,1,2,1,1,4,1,2,1,2,3,1,1,1,1,1,1,1,3,1,1,4,1,3,4,,5,1,1,1,4,4,4,4,4,3,4,2,2,2,4,2,4,4,4,5,4,4,3,2,5,4,2,4,4,4,4,4,4,4,4,4,4,4,4,4,4,4,4,4,2,3,4,2,4,4,4,4,4
60,3,1,3,21,1,6,6,6,6,5,5,6,6,5,6,6,6,6,6,6,6,5,6,6,2,6,5,5,3,6,2,4,6,5,5,5,2,6,6,6,1,7,7,7,7,7,7,7,7,7,7,6,6,5,5,6,6,6,4,100,1,2,4,4,4,4,4,4,4,2,1,1,1,2,2,6,6,6,6,6,6,4,6,6,6,6,6,4,4,4,5,6,6,4,6,4,5,5,5,5,3,5,5,5,5,5,5,5,5,5,4,5,5,3,3,3,3,3,3,3,5,3,5,4,1,3,1,1,1,1,1,3,3,1,4,1,1,1,2,5,1,1,1,3,3,3,4,4,1,1,5,1,4,1,4,4,1,1,1,2,4,3,4,4,4,2,1,1,1,3,2,2,3,3,5,5,5,5,5,5,2,2,3,5,5,5,5,5,5,5,5,5,5,5,5,5,5,2,2,2,2,2,2,4,4,4,4,4
63,3,1,3,19,4,5,6,6,5,5,5,6,4,6,2,3,6,1,2,2,5,7,7,5,1,4,1,4,4,7,2,5,6,6,5,6,4,4,6,6,4,7,7,6,7,6,2,4,5,7,7,6,6,5,5,6,7,7,6,24,2,,4,2,4,4,4,4,3,4,2,2,1,1,2,1,4,4,4,4,2,1,4,4,4,5,5,4,5,5,5,4,2,3,5,2,4,4,5,4,3,5,4,5,5,5,5,5,5,5,5,5,5,5,1,1,1,1,3,3,4,4,3,1,2,1,1,1,1,1,1,1,1,2,1,1,1,2,1,1,1,1,1,2,1,2,1,1,1,1,1,1,1,1,6,3,1,1,1,1,1,2,1,1,1,1,1,1,1,1,1,1,1,1,4,4,3,2,2,4,3,3,2,3,2,3,2,1,2,1,1,2,1,1,4,4,4,4,4,1,1,1,1,4,4,4,4,4
66,3,2,5,24,4,4,5,5,5,5,5,7,7,5,4,5,6,4,5,7,5,7,7,2,1,4,1,5,2,6,5,4,5,6,4,5,5,3,5,3,4,6,6,5,6,6,6,2,3,5,5,5,5,6,4,4,4,3,3,75,2,,4,3,2,3,4,3,2,3,2,1,4,5,2,3,3,3,3,4,2,1,3,5,2,5,4,5,4,5,5,4,4,4,4,4,2,4,3,2,3,3,3,2,2,3,3,3,3,3,2,3,3,3,3,3,3,3,3,4,3,3,5,4,1,3,1,1,1,1,1,3,1,1,4,1,2,2,1,4,1,1,1,3,1,5,7,4,1,7,4,2,3,3,5,4,1,1,1,3,4,4,4,3,3,3,2,2,2,3,2,5,5,2,5,5,5,4,2,3,2,2,2,3,3,3,5,3,3,2,2,4,3,3,3,3,2,3,3,2,2,2,1,2,4,3,2,3
69,3,1,3,20,4,5,3,4,3,5,2,3,7,5,4,4,3,3,4,4,6,6,6,6,1,6,1,4,5,6,3,5,3,2,6,5,3,4,6,6,2,6,6,5,6,5,4,4,5,5,5,4,5,7,7,6,5,4,3,60,1,2,4,4,3,2,4,4,3,4,1,2,1,1,2,5,5,5,5,4,4,4,5,5,5,5,4,4,5,4,5,4,5,5,5,5,4,3,4,4,3,3,4,4,4,4,3,4,5,5,4,4,5,4,1,2,1,3,3,3,3,5,5,4,1,4,1,2,1,1,1,2,1,2,4,1,4,1,2,4,2,3,1,1,1,1,1,2,1,1,2,1,1,4,3,5,1,1,1,2,4,4,2,2,2,4,1,1,1,2,1,1,1,1,5,5,5,4,5,4,3,3,3,4,4,5,5,4,4,4,4,4,4,4,4,4,4,3,4,3,2,3,2,4,4,3,4,4
72,3,1,4,22,4,7,7,7,7,5,4,3,5,6,6,6,5,4,6,5,5,3,6,2,2,3,2,4,6,6,2,7,7,7,3,7,2,7,7,7,1,6,6,6,6,6,5,6,6,6,6,5,5,5,6,6,6,6,5,55,2,,5,4,4,4,5,4,5,4,2,3,1,1,1,4,4,5,5,5,4,2,5,4,5,5,5,5,4,4,5,5,5,5,5,4,4,2,2,2,2,2,2,2,3,2,3,3,2,2,2,2,2,2,2,2,3,1,2,1,2,1,1,3,2,2,1,3,1,3,1,2,1,1,4,1,2,3,2,4,4,4,2,1,1,1,1,1,1,2,1,1,1,1,1,2,1,1,1,3,4,2,2,1,2,2,2,1,2,2,1,1,1,1,4,4,4,4,4,4,4,3,4,4,4,4,2,2,3,4,3,4,4,4,3,3,4,3,4,3,1,3,1,1,1,1,1,1
75,3,1,3,20,8,5,3,4,3,3,3,3,4,3,3,4,4,4,3,4,5,5,5,3,3,4,2,4,2,5,5,4,5,5,5,5,3,5,5,5,2,4,4,4,4,4,4,4,4,4,4,5,5,5,5,5,5,5,5,59,2,,4,4,4,4,4,4,4,4,3,3,3,4,3,5,3,4,5,5,4,4,2,5,3,4,3,3,3,1,3,4,3,1,2,2,3,4,3,3,3,4,4,4,4,4,2,2,2,4,4,4,3,3,1,2,3,2,3,3,4,2,2,4,3,4,2,1,1,1,1,4,4,2,3,1,4,2,1,1,1,1,1,4,3,3,3,2,2,3,3,3,3,3,3,3,3,3,3,3,4,3,4,4,4,4,3,4,4,4,4,4,4,4,4,4,4,4,4,4,4,4,4,4,4,4,4,4,4,4,4,4,4,4,3,4,3,3,4,3,2,3,1,3,2,4,4,2
78,3,1,3,18,1,6,6,5,6,2,3,3,5,4,4,5,4,5,5,4,5,7,6,5,1,1,1,1,2,5,5,6,6,5,5,5,2,6,6,6,2,6,6,6,6,6,6,3,3,6,5,2,5,5,3,5,6,6,4,25,1,1,4,4,4,4,4,4,3,3,4,4,3,6,4,2,1,4,2,2,1,1,5,4,5,4,3,2,4,1,4,2,2,4,5,4,4,4,4,3,3,4,3,4,4,4,4,4,4,4,4,4,4,4,1,1,1,2,3,3,2,3,2,1,1,1,1,1,1,1,1,1,1,2,3,1,1,1,3,3,4,3,1,1,1,3,1,1,1,1,1,1,1,3,5,4,2,1,1,1,1,1,1,1,2,4,2,1,1,1,1,1,1,1,4,3,4,4,4,5,4,4,2,3,3,3,2,3,3,4,4,4,4,2,3,3,4,2,3,1,1,1,1,3,4,3,4,3
81,3,1,3,19,1,5,3,2,2,6,4,4,4,5,3,5,3,3,4,5,3,6,7,5,2,1,1,4,6,6,5,6,6,7,6,3,6,4,2,3,3,7,7,6,7,7,5,4,6,6,6,5,6,7,6,7,6,5,6,55,2,,2,3,1,2,4,3,4,3,4,4,5,5,4,2,4,4,3,2,3,2,2,3,4,3,2,2,2,1,1,2,1,1,2,1,3,4,5,3,3,2,3,4,4,3,4,4,4,4,3,3,3,3,2,2,1,2,3,3,2,3,3,3,1,3,2,1,1,1,1,1,1,1,3,1,1,2,1,4,1,4,2,2,1,1,5,5,4,4,3,5,4,2,6,4,4,4,4,4,4,2,4,2,3,2,2,1,2,4,3,4,4,2,3,1,2,2,2,1,1,1,1,3,2,1,2,3,3,3,2,3,3,3,3,2,3,4,2,1,1,1,1,2,3,2,4,3
84,3,1,3,20,1,3,3,3,3,5,5,5,6,5,5,5,5,5,5,5,5,5,6,5,2,5,2,4,4,5,3,5,6,5,5,5,5,3,5,5,2,5,5,5,5,5,5,5,5,5,5,5,5,5,5,5,5,5,5,88,2,,4,4,4,3,4,4,2,2,2,2,2,5,3,4,4,3,4,5,3,2,5,5,5,5,5,3,3,5,5,5,5,5,5,5,4,2,2,2,2,2,2,2,2,3,2,2,2,2,2,2,2,2,4,4,4,2,2,3,4,2,2,3,1,1,1,1,1,1,1,1,1,1,1,1,1,1,1,2,1,1,1,1,1,1,1,1,1,1,1,1,1,5,3,4,1,1,1,2,3,3,4,3,2,3,2,2,2,2,2,3,3,2,4,4,4,4,4,4,3,3,3,4,4,3,3,3,3,4,3,3,3,3,4,3,3,4,4,2,2,2,2,4,4,4,3,4
85,3,2,3,21,6,5,4,3,3,3,3,4,5,3,2,2,7,3,2,7,7,7,7,6,1,4,1,7,7,7,6,6,5,5,5,4,4,6,5,5,6,6,6,5,5,5,4,6,6,6,6,6,6,6,5,6,6,6,5,43,2,,4,3,3,4,4,4,3,4,4,4,3,2,5,4,3,4,4,3,3,3,5,4,5,5,6,5,4,5,4,6,4,3,5,3,4,3,3,4,4,4,4,4,4,3,3,4,4,4,4,4,4,4,2,3,2,3,4,3,2,3,3,4,1,4,1,3,1,2,1,4,3,1,3,1,3,2,2,3,1,3,2,3,2,1,3,1,1,1,1,1,1,1,4,4,2,2,1,2,2,1,2,3,4,2,2,3,2,3,2,4,4,4,4,4,4,4,3,4,3,2,3,3,4,3,2,3,3,3,4,4,4,4,4,3,4,4,4,2,2,2,2,4,4,3,3,4
87,3,1,4,22,4,5,5,5,5,5,3,6,6,5,5,5,5,4,4,5,6,5,7,5,1,4,1,5,5,6,3,5,6,6,6,6,2,6,6,6,2,6,6,6,6,6,6,5,5,6,6,5,6,6,6,5,6,6,6,59,1,1,4,2,1,2,4,4,2,3,2,1,5,6,3,4,3,4,3,3,3,2,4,5,5,5,4,5,5,5,5,4,4,5,5,5,3,5,5,3,4,4,3,4,4,4,3,2,5,5,4,5,5,5,1,3,1,2,1,3,1,3,3,2,2,1,1,1,1,2,2,1,1,1,3,1,1,4,1,2,2,2,2,1,1,1,1,1,1,1,1,1,1,2,3,3,1,1,1,3,3,2,2,3,4,4,2,2,2,1,1,1,1,1,4,4,4,2,2,2,4,4,3,4,2,3,3,2,2,1,2,4,2,3,3,2,3,3,4,1,1,1,1,3,3,4,4,4
90,3,2,3,18,4,3,5,2,4,5,3,6,6,4,4,4,3,3,3,5,5,5,6,6,3,5,1,3,3,6,6,4,5,5,3,5,3,5,4,3,3,6,7,7,7,7,7,7,7,7,7,5,5,5,5,6,5,3,5,20,2,,4,4,4,2,2,3,3,3,2,3,2,2,5,5,5,5,2,2,3,5,3,5,4,5,5,5,5,5,5,2,2,4,1,4,2,4,4,2,3,2,3,2,3,5,2,2,4,4,4,4,4,4,2,2,2,4,4,4,4,4,4,3,1,2,1,1,1,1,1,2,1,1,2,1,2,1,1,1,1,2,1,4,1,5,2,5,2,3,1,1,1,3,2,4,1,1,1,3,3,3,2,4,2,2,2,2,2,2,2,2,2,2,4,4,4,4,4,4,4,4,4,4,4,4,4,4,2,4,3,4,4,4,2,2,2,2,2,2,2,2,2,4,4,4,3,4
93,3,2,3,19,4,6,7,7,7,1,1,3,6,5,1,2,6,5,1,6,3,6,7,5,1,7,1,6,5,7,5,5,6,7,3,7,3,7,7,7,2,5,5,3,5,5,2,2,3,3,5,2,2,5,5,4,6,6,5,70,2,,5,4,3,4,4,4,2,2,3,3,3,7,1,2,2,1,1,1,1,1,3,2,5,3,5,5,5,6,5,3,5,1,5,1,2,2,1,2,1,2,1,1,1,1,2,1,4,4,4,1,4,4,1,1,1,1,4,3,1,1,4,2,1,1,1,1,1,1,1,1,1,1,1,1,1,1,1,3,1,1,1,1,1,1,1,1,1,1,1,1,1,3,3,4,1,1,1,1,1,4,4,3,2,4,1,1,1,1,1,1,1,1,1,2,2,1,3,4,4,4,2,2,3,3,2,2,3,3,4,3,3,4,2,2,2,1,1,1,1,1,1,1,1,1,1,1
96,3,2,3,23,1,5,6,5,5,5,3,5,4,5,6,6,6,6,6,6,6,6,6,6,2,5,2,3,5,6,2,6,5,6,5,6,6,6,6,6,3,6,6,6,6,6,6,3,3,5,5,5,6,5,5,6,5,5,5,59,2,,4,4,4,4,4,4,4,2,2,1,2,3,1,4,4,2,5,5,4,2,4,6,5,5,5,6,6,6,6,6,7,6,6,6,4,4,4,4,4,4,4,4,3,4,4,4,4,4,4,4,4,4,2,2,1,2,5,4,4,5,5,4,1,4,1,1,1,1,1,3,1,1,2,1,4,1,1,4,1,1,1,2,2,2,2,2,2,2,2,1,1,3,2,7,2,2,2,1,1,1,1,4,1,4,1,1,2,1,1,1,1,1,4,4,4,4,4,4,4,2,2,4,4,4,4,4,4,4,4,4,4,4,4,4,4,4,4,1,1,1,1,4,5,5,5,5
99,3,2,3,19,4,5,5,4,3,5,3,5,5,5,5,6,5,6,6,5,7,6,6,6,1,5,1,5,1,7,3,5,6,6,3,6,3,7,6,6,2,6,6,6,6,6,5,5,5,6,6,5,6,6,5,6,5,5,5,90,2,,4,4,4,4,4,4,4,4,1,2,1,2,2,6,4,4,5,5,5,2,5,5,5,6,5,7,6,7,7,5,5,6,7,6,4,5,4,3,4,4,4,5,4,4,4,4,4,4,4,5,4,4,1,2,2,3,4,4,4,4,5,4,1,3,1,3,1,1,1,3,2,1,2,1,3,2,2,5,3,3,1,3,3,3,3,2,1,5,1,2,1,2,4,4,1,1,1,3,3,3,3,3,2,2,1,2,2,2,1,2,2,2,4,5,5,4,4,5,3,3,3,4,4,4,4,4,4,4,4,3,4,4,4,3,5,4,4,2,1,3,2,4,5,4,5,4
102,3,2,3,19,4,6,4,5,5,6,1,1,3,1,2,2,2,2,2,4,5,5,5,2,2,5,1,4,2,5,1,6,6,6,5,6,2,6,6,7,2,1,2,1,3,4,4,3,5,4,5,5,5,5,5,6,5,6,6,,,,,,,,,,,,,,,,,,,,,,,,,,,,,,,,,,,,,,,,,,,,,,,,,,,,,,,,,,,,,,,,,,,,,,,,,,,,,,,,,,,,,,,,,,,,,,,,,,,,,,,,,,,,,,,,,,,,,,,,,,,,,,,,,,,,,,,,,,,,,,,,,,,,,
105,3,1,3,18,1,7,6,6,6,5,4,5,6,5,5,4,4,4,3,4,6,6,6,3,1,3,1,5,4,7,3,5,4,3,5,6,4,4,6,7,2,7,7,7,7,7,7,4,5,5,5,5,6,4,3,6,6,4,4,100,1,1,4,4,3,4,3,4,2,2,1,2,1,1,1,6,7,5,5,5,6,4,5,6,5,5,5,6,5,5,5,6,5,3,6,5,5,5,5,5,4,4,4,5,5,4,4,4,4,4,5,5,5,5,2,2,2,2,2,5,4,3,5,5,2,3,1,2,1,2,1,5,3,1,2,1,4,2,4,4,1,4,1,2,2,2,2,2,2,3,5,1,1,4,7,7,3,2,1,3,4,3,4,3,4,4,2,2,1,3,1,3,1,1,4,4,4,4,2,4,2,2,2,2,4,3,4,3,4,2,3,3,4,3,4,4,4,4,4,2,2,2,2,4,5,4,5,4
108,3,1,4,20,2,5,6,4,5,4,4,5,5,5,5,5,6,6,6,5,7,6,6,6,1,5,1,2,5,5,2,6,6,5,5,6,2,6,6,6,2,6,7,5,6,6,6,5,5,6,6,6,6,7,7,6,6,5,5,86,1,1,4,4,2,4,4,4,2,4,1,1,2,2,1,5,4,5,5,5,5,2,5,5,5,4,5,5,5,6,6,5,3,4,5,5,4,4,5,4,3,4,3,5,4,4,4,4,5,5,5,4,4,4,2,3,2,4,3,5,5,3,4,4,1,3,1,1,2,2,1,3,3,1,2,1,3,1,3,4,1,3,1,3,2,3,1,1,1,2,3,1,2,5,7,6,3,2,1,4,4,2,4,4,2,4,2,3,2,3,3,4,4,1,4,4,4,3,3,5,4,2,3,2,4,2,4,4,4,4,4,4,4,4,4,4,4,4,4,3,2,2,2,4,4,4,4,4
111,3,1,3,22,1,7,6,7,7,6,5,6,4,3,5,5,3,3,2,5,6,6,7,2,1,6,1,6,6,7,5,5,5,6,6,6,6,7,7,7,2,6,5,5,5,5,4,3,5,6,7,5,6,5,5,6,7,7,6,68,2,,5,4,4,4,5,5,3,3,3,1,2,5,3,3,5,4,4,5,4,6,5,5,6,6,5,3,3,2,3,5,4,3,6,4,3,5,5,4,4,4,3,4,4,4,4,4,4,4,5,4,4,4,1,2,2,3,3,5,4,4,4,3,3,2,2,1,1,2,1,2,1,1,3,1,2,3,1,2,3,1,2,3,1,1,1,1,1,1,3,1,3,3,2,3,1,1,1,2,3,4,3,2,3,4,3,1,1,1,2,3,2,2,3,3,4,4,4,3,2,2,2,2,3,1,4,3,4,4,3,3,3,4,4,4,4,5,5,3,1,2,1,4,4,4,5,4
114,3,2,4,22,1,5,5,6,5,5,6,6,6,4,5,4,5,5,3,3,4,2,6,5,1,3,1,4,3,5,4,5,5,5,4,5,3,4,5,5,2,6,6,6,6,6,6,3,6,3,4,4,5,3,2,6,4,5,2,75,1,2,4,4,3,4,4,4,3,4,1,1,2,3,4,5,5,4,5,5,6,5,6,5,6,5,3,5,4,5,6,5,5,6,5,5,5,4,4,5,4,4,4,5,5,4,3,4,4,4,4,3,4,3,2,2,2,3,4,3,4,3,5,4,1,2,1,2,1,1,1,1,1,1,3,1,1,2,1,4,1,3,1,2,1,7,2,2,1,4,1,3,5,5,5,5,1,1,1,3,4,3,4,4,4,5,2,2,2,4,2,4,4,3,2,4,4,4,4,3,2,2,3,4,4,4,4,4,4,4,4,3,3,4,4,4,5,5,5,3,3,2,2,5,5,5,5,4
117,3,2,4,21,4,4,3,5,4,5,5,6,6,5,3,5,5,4,5,6,7,7,7,5,2,4,4,3,3,5,3,6,6,7,4,5,3,5,6,5,4,6,5,6,6,5,5,4,6,6,6,5,5,7,4,7,6,5,5,76,2,,4,4,3,2,4,4,3,4,1,3,1,2,1,5,4,5,6,6,5,5,5,5,4,5,3,5,5,6,5,6,6,5,6,6,5,4,5,4,2,4,4,3,4,5,4,4,3,4,4,5,4,4,2,3,2,3,3,4,4,4,5,4,1,3,1,4,1,1,1,3,3,1,1,1,3,2,4,4,2,3,1,2,2,5,3,3,4,6,5,5,5,5,4,4,3,3,3,3,2,3,4,2,4,3,3,2,3,2,2,4,4,3,4,4,4,3,2,4,2,2,3,4,4,4,4,4,4,2,3,4,4,4,3,4,4,2,4,2,3,4,2,4,2,4,4,3
120,3,1,3,20,1,5,4,5,4,6,5,6,6,4,5,5,3,3,4,4,6,7,7,5,2,5,2,4,5,5,2,6,6,4,4,6,2,4,5,5,4,6,6,6,6,6,6,6,6,6,7,5,5,6,6,7,6,6,5,75,2,,5,4,4,4,4,5,2,2,1,1,3,3,2,5,3,3,4,5,5,3,6,7,5,6,5,5,5,4,5,6,4,4,5,4,4,4,4,4,3,4,4,4,4,4,4,4,4,4,4,4,4,4,4,4,3,4,4,4,4,4,4,5,1,2,1,2,1,1,1,2,1,1,4,1,2,2,2,4,1,1,2,3,1,1,2,1,1,1,1,2,1,3,2,5,1,1,1,2,4,4,2,2,3,3,1,1,1,2,2,2,2,2,2,5,5,2,3,5,4,4,3,4,4,5,5,4,4,4,3,3,4,4,4,4,4,5,5,2,2,2,2,4,4,4,4,4
123,3,1,3,21,1,5,6,5,5,1,1,3,4,5,1,2,2,3,5,4,3,6,6,1,1,1,1,1,3,6,2,6,5,5,5,6,3,5,5,6,1,5,5,5,4,4,5,3,4,3,4,3,4,6,5,6,5,5,5,59,1,1,4,3,4,4,4,3,2,2,2,3,3,5,3,3,3,3,3,5,4,4,5,5,5,5,4,5,4,3,5,5,5,5,5,4,4,4,4,4,3,3,2,3,3,2,4,4,4,4,4,3,4,4,1,2,1,2,4,4,1,3,2,3,1,2,2,3,1,2,3,2,1,2,2,1,2,2,1,2,1,2,2,4,4,5,5,3,3,4,4,4,3,3,5,5,4,3,3,3,4,2,3,4,3,3,2,2,3,3,4,4,4,3,2,3,4,2,2,4,2,2,4,2,2,4,3,2,3,2,2,2,3,3,3,2,4,3,3,1,1,1,1,2,4,4,3,4
126,3,2,4,23,1,6,7,6,6,5,6,6,7,5,3,4,3,4,4,4,6,6,7,5,2,5,3,6,3,6,5,6,7,6,3,6,3,6,5,6,5,7,7,6,6,6,6,6,7,5,6,5,6,5,4,5,5,5,5,80,2,,4,4,5,4,4,3,3,4,2,1,1,1,2,5,4,4,5,5,6,3,6,5,7,6,5,5,5,7,6,5,5,3,5,5,5,4,4,5,3,3,4,5,5,5,3,4,4,4,5,5,5,4,2,3,2,3,4,4,4,3,4,4,1,2,1,1,1,1,1,3,2,1,4,1,3,1,2,5,2,2,1,5,2,2,2,1,2,1,3,1,1,3,5,5,4,3,3,3,4,3,2,3,2,4,3,2,3,2,2,3,3,2,4,5,5,4,4,4,4,2,3,4,4,3,3,4,4,4,3,4,4,4,5,4,5,3,3,2,3,3,2,5,5,4,4,5
129,3,2,3,18,4,5,3,5,4,5,4,6,5,5,5,6,6,6,5,5,5,6,6,6,4,4,3,3,4,5,4,5,5,5,4,6,5,5,5,5,6,5,5,5,5,6,4,5,5,6,5,5,6,6,6,6,6,6,6,96,2,,4,4,4,4,5,5,5,5,2,1,1,2,1,6,7,6,7,6,6,6,6,6,6,5,7,7,6,6,6,7,6,6,6,6,5,5,4,4,4,4,4,4,4,5,5,5,4,5,5,5,5,5,5,5,4,5,5,4,5,4,5,4,5,4,1,4,1,2,4,4,4,1,4,1,5,5,4,5,4,4,1,5,6,5,5,6,4,6,6,6,6,6,5,6,6,6,6,4,4,4,3,4,4,4,4,4,4,4,3,4,4,3,4,4,4,4,4,4,4,4,4,4,5,4,4,4,4,4,4,4,4,4,4,4,4,5,3,4,3,4,3,4,5,4,4,4
132,3,1,3,20,1,6,6,6,6,5,5,7,5,3,5,5,7,6,4,5,6,5,5,2,1,5,1,6,3,7,3,6,6,5,3,6,3,5,5,7,1,6,6,6,6,6,6,7,7,6,6,5,6,6,5,7,7,6,6,82,2,,4,4,2,2,2,4,2,4,2,2,2,2,2,5,5,3,5,5,5,2,5,5,5,5,5,5,5,5,5,5,5,5,5,5,5,5,5,4,5,4,4,5,4,4,4,5,4,4,5,5,5,4,1,3,1,2,4,5,5,3,4,3,1,1,1,1,1,1,1,1,1,2,2,1,1,2,1,1,1,1,1,5,5,5,5,5,1,5,5,5,5,5,5,5,2,2,2,2,4,4,4,4,3,4,1,1,1,4,2,4,4,2,2,4,4,2,2,4,2,2,2,4,4,2,4,4,4,4,4,2,2,2,4,4,4,4,4,4,2,3,1,4,4,4,4,4
133,3,1,3,20,1,6,4,5,5,3,2,4,5,3,3,4,2,2,4,4,5,6,6,6,1,4,1,4,4,6,4,5,4,5,5,5,2,5,6,6,2,5,3,2,4,4,5,6,6,6,6,5,5,4,4,4,6,6,6,65,1,1,4,3,2,2,4,4,3,3,2,3,2,5,2,4,4,3,4,4,4,3,4,4,5,4,4,4,4,5,4,4,2,5,5,4,4,4,4,4,3,3,3,4,4,4,3,3,4,4,4,4,4,4,2,3,2,3,3,4,2,3,3,2,1,1,1,1,1,1,1,1,1,1,4,1,1,2,1,3,3,3,1,4,3,4,1,2,1,2,2,1,1,3,1,2,1,1,1,2,2,4,2,1,1,2,2,2,2,2,2,2,2,2,3,3,4,3,2,4,2,2,1,1,2,2,3,3,3,3,2,2,2,2,4,3,4,3,4,1,1,2,1,4,4,3,4,4
135,3,2,3,20,4,7,7,7,7,6,2,6,7,4,3,5,5,5,3,5,5,4,5,2,2,5,1,3,5,6,5,5,6,5,3,5,4,5,5,5,2,6,6,6,6,6,6,7,7,6,7,6,7,6,6,6,6,6,6,80,1,2,5,4,2,2,3,4,3,3,2,2,2,2,2,4,4,2,4,3,3,2,3,3,3,4,4,4,4,5,5,4,5,4,3,4,3,4,5,3,4,3,4,4,3,3,2,2,4,4,4,5,4,4,1,1,2,2,3,3,2,4,4,4,4,3,1,1,1,1,1,2,1,1,1,1,1,1,2,4,2,2,1,1,1,1,1,1,1,4,4,1,1,4,3,6,3,1,1,3,3,4,4,2,2,4,3,2,2,1,1,2,2,1,2,4,4,2,2,4,4,4,1,2,3,4,3,4,3,3,3,2,4,3,3,3,4,3,4,3,2,2,2,3,4,2,4,4
138,3,1,3,20,6,5,6,4,5,5,3,5,7,5,2,3,5,4,4,3,6,6,6,4,1,2,1,1,1,5,2,5,5,5,5,5,3,5,5,5,2,5,5,5,5,5,5,5,5,5,5,5,5,4,6,6,5,3,5,62,1,1,4,4,4,4,4,4,2,2,2,2,2,3,3,4,4,4,4,4,4,4,4,4,5,5,4,4,4,4,4,4,4,4,6,4,3,3,3,3,3,3,3,3,3,3,3,3,3,3,3,3,3,3,3,3,1,3,3,3,2,3,3,2,2,1,1,1,1,1,2,1,1,1,2,1,1,1,1,1,1,1,2,3,2,2,2,2,2,2,2,1,1,2,4,4,1,1,1,2,3,2,1,1,1,1,1,1,2,3,2,2,2,1,4,3,4,4,4,4,4,4,4,2,4,4,4,4,4,4,4,4,4,4,3,3,4,3,3,1,1,2,1,3,3,4,4,4
141,3,1,3,20,4,5,5,5,5,3,2,5,4,2,2,2,2,2,2,5,5,5,5,5,1,5,1,3,2,5,3,5,5,5,5,5,5,5,5,5,3,5,5,3,2,2,5,2,2,6,5,4,5,3,3,6,6,5,2,65,1,2,4,2,2,2,4,4,2,4,5,5,2,3,2,2,2,2,2,2,3,1,5,3,5,5,2,5,4,5,5,3,3,3,5,3,2,4,4,2,4,4,3,4,4,3,4,4,4,4,4,2,3,4,1,2,1,3,3,4,2,3,4,4,1,3,1,1,1,1,1,3,1,2,2,1,1,2,1,3,1,2,1,1,1,5,5,3,1,5,3,1,1,1,3,3,1,1,1,2,2,2,2,2,4,4,1,2,1,2,2,2,2,2,4,4,4,2,2,4,2,2,2,2,3,4,2,3,4,3,4,2,2,4,4,3,4,2,2,1,1,1,1,5,5,4,4,5
144,3,1,3,19,1,5,5,3,5,2,2,2,2,5,5,5,6,4,2,4,5,5,6,5,1,1,1,4,3,5,3,6,5,5,5,6,3,3,5,3,1,5,6,5,5,5,4,5,6,6,6,6,6,4,3,7,5,6,4,61,2,,4,4,4,4,4,4,2,2,2,3,3,5,3,4,3,2,3,3,4,3,4,3,5,5,5,3,4,4,5,3,3,2,5,4,4,2,2,2,3,2,2,1,2,2,2,4,4,4,3,4,3,3,3,3,2,3,2,2,3,3,4,3,2,1,1,1,2,1,2,2,1,1,1,1,1,2,1,3,1,2,2,1,1,2,2,2,1,4,4,2,2,1,4,4,1,1,1,1,4,2,2,3,4,2,2,2,4,2,2,4,4,2,2,4,5,2,2,4,2,2,2,3,3,4,4,4,4,4,2,2,4,2,4,3,4,2,2,1,1,3,1,2,2,1,2,2
147,3,2,5,27,4,5,5,5,4,5,2,5,4,5,2,3,3,4,4,5,5,6,7,7,1,6,1,4,2,2,2,5,6,6,3,6,2,6,6,6,2,7,7,7,7,7,6,7,7,7,6,5,6,6,5,7,6,6,6,75,2,,5,5,5,5,5,5,4,3,1,2,1,2,1,5,5,6,4,5,5,4,6,6,7,6,6,7,7,7,7,6,2,6,6,5,4,4,4,5,3,3,4,5,5,3,3,4,4,4,3,5,5,4,4,4,2,3,3,4,4,5,4,4,1,4,1,4,1,1,1,4,3,1,3,1,3,1,4,5,1,4,1,3,2,2,2,2,1,4,1,1,4,5,6,7,2,2,2,4,4,5,5,4,5,3,2,3,2,4,2,4,4,4,3,2,5,3,3,5,2,2,2,2,5,4,5,4,5,5,5,4,4,5,4,4,5,3,4,3,2,3,2,4,5,4,4,4
150,3,2,4,22,4,6,5,6,5,6,5,6,7,6,6,6,6,5,6,6,6,6,7,5,1,6,4,6,7,7,2,6,6,5,5,6,3,6,7,6,5,7,7,7,7,7,7,5,6,6,7,5,7,7,5,6,6,6,6,89,2,,4,4,4,3,4,4,2,2,1,1,1,3,1,5,4,4,3,5,6,4,5,4,5,6,3,5,3,6,6,5,3,6,6,5,4,5,4,4,4,5,4,5,5,4,5,4,5,5,5,4,5,5,2,2,5,4,4,5,4,4,2,5,1,4,1,3,1,1,1,4,1,2,4,1,2,1,3,4,1,3,1,3,3,4,2,1,1,1,3,1,2,3,3,6,1,1,1,3,4,5,4,2,1,4,2,1,1,5,2,3,3,1,2,4,4,3,4,5,2,2,3,2,4,4,5,4,3,4,4,3,4,3,3,3,4,4,5,2,2,1,1,4,4,4,4,5
156,3,1,3,20,6,3,4,3,3,4,3,4,4,3,4,4,3,3,3,5,5,5,5,2,2,2,2,5,2,5,4,6,5,4,6,5,4,4,4,3,2,4,5,3,4,5,5,4,5,6,6,5,5,6,6,5,6,6,6,65,2,,4,4,3,3,4,4,3,3,3,3,4,5,4,4,3,4,4,4,4,3,4,5,4,4,5,5,4,4,5,4,5,3,5,5,3,4,3,3,3,4,3,4,4,4,3,3,5,5,4,3,4,5,2,3,2,3,3,3,4,3,3,5,1,4,1,2,1,2,1,4,1,1,4,1,2,2,1,4,2,1,1,3,5,3,4,3,4,6,4,4,3,4,6,6,4,3,3,4,4,2,4,3,3,4,4,2,2,3,3,4,4,3,4,4,4,3,3,4,4,4,2,2,3,4,3,3,2,4,4,4,4,4,4,3,4,3,3,1,1,3,1,4,4,4,4,4
159,3,2,4,18,4,5,5,5,5,5,5,5,6,4,5,5,5,5,5,5,5,6,6,6,4,7,3,4,6,6,6,4,5,3,6,5,3,5,5,5,2,6,6,6,6,6,6,6,6,6,6,6,6,2,5,7,5,5,6,85,2,,4,4,4,4,4,4,4,3,2,3,1,3,3,6,5,5,5,5,5,5,6,6,6,6,6,6,5,6,6,6,6,6,6,6,5,4,4,4,4,4,4,5,4,4,4,4,4,4,4,4,4,4,4,3,3,3,3,3,4,4,4,4,1,4,1,1,1,1,1,3,4,1,4,1,3,1,3,4,1,4,1,2,5,6,6,2,2,7,1,1,1,6,2,7,3,2,2,4,4,4,4,4,4,4,3,2,2,4,3,4,4,4,5,5,5,5,5,5,5,5,5,5,5,5,5,5,5,5,5,5,5,5,4,4,4,4,4,4,3,4,4,4,5,3,5,4
162,3,2,3,20,4,3,3,3,2,5,5,6,6,4,5,5,4,4,3,5,5,5,5,4,2,2,2,5,5,5,4,5,5,4,4,5,3,5,5,5,4,6,5,5,5,5,5,5,5,5,5,5,6,5,5,6,6,5,5,75,2,,4,4,4,4,4,4,2,4,2,2,2,3,2,5,4,5,4,4,4,4,5,5,5,5,5,5,5,5,5,5,3,4,5,4,4,3,4,3,3,4,3,4,4,4,3,3,4,4,4,4,3,3,3,3,3,3,3,3,4,3,4,4,1,2,1,1,1,1,1,1,1,1,2,1,1,2,1,4,1,4,1,1,1,1,1,1,1,1,2,1,1,2,6,5,2,2,2,4,4,3,4,3,4,4,4,2,1,2,2,2,2,4,4,4,4,4,4,4,4,2,4,4,4,4,4,4,4,4,4,4,4,4,4,2,4,3,3,2,2,2,2,4,4,4,4,4
165,3,1,3,20,1,5,5,4,5,5,4,6,6,5,5,5,4,4,3,3,6,6,6,5,1,5,1,4,5,6,3,4,5,3,4,6,4,5,6,4,4,6,6,6,6,6,5,5,5,6,6,4,5,5,5,5,6,6,5,65,1,2,4,3,4,4,4,4,2,2,1,1,1,3,2,4,2,4,3,5,4,1,5,6,6,5,5,4,2,4,4,5,6,4,5,5,4,5,4,4,3,3,4,5,3,4,4,4,5,4,3,5,5,5,3,2,2,3,3,4,4,3,4,3,1,2,1,1,1,1,1,2,1,1,3,1,2,2,1,3,2,1,1,2,1,5,1,2,1,1,1,1,1,2,1,5,1,1,1,2,3,3,2,3,2,2,2,2,2,2,1,4,2,1,4,4,4,4,4,2,4,2,4,3,4,3,4,4,2,3,4,3,4,3,4,3,4,3,3,2,1,3,1,4,4,4,4,4
166,3,2,3,20,1,5,3,5,3,2,5,5,6,5,4,5,5,5,5,6,6,7,7,1,1,6,1,6,3,7,3,4,3,3,6,6,3,5,5,5,5,7,7,6,6,6,7,6,7,6,6,5,5,6,6,6,6,5,5,70,1,2,4,4,4,2,4,3,1,2,4,6,1,2,2,2,3,4,2,2,3,6,5,6,7,7,5,5,4,7,6,4,3,6,5,4,4,4,5,3,3,4,4,5,4,3,4,5,2,2,5,4,3,3,2,2,1,3,2,5,5,3,5,5,1,4,1,5,1,1,1,4,3,1,2,1,3,1,3,4,1,4,1,2,2,3,3,4,4,5,4,2,1,2,3,5,2,2,1,1,4,4,4,2,4,4,2,2,2,3,3,4,3,2,2,1,5,2,2,5,4,4,1,2,4,4,5,4,3,4,2,2,2,3,4,5,5,4,4,1,2,2,1,4,4,3,4,4
167,3,1,3,19,4,6,3,5,5,6,3,5,3,7,4,5,4,4,5,3,5,7,7,5,1,3,3,6,5,7,6,5,6,5,7,6,6,5,6,3,2,7,7,6,6,5,6,7,7,7,7,4,6,5,5,6,7,7,7,84,1,2,5,3,4,4,5,4,2,3,2,1,1,2,1,5,5,4,5,6,5,3,6,5,6,4,5,5,4,6,5,5,6,3,6,6,5,5,4,4,5,3,3,5,5,4,3,3,3,4,4,2,3,5,2,2,1,3,3,4,5,4,5,5,1,3,1,2,1,2,1,3,1,1,5,1,3,2,3,5,4,3,1,1,1,1,1,1,1,1,1,1,1,1,1,5,1,1,1,2,4,4,3,4,2,4,3,2,2,2,2,2,2,2,2,5,4,4,4,5,5,4,2,2,4,3,4,4,4,4,4,3,4,4,5,4,5,3,4,3,1,2,1,5,5,3,4,4
125,2,2,4,25,4,6,6,7,6,5,2,2,4,4,4,5,4,3,1,5,5,4,4,5,1,5,1,7,7,7,1,6,6,6,5,6,2,6,6,5,4,4,5,4,5,5,5,4,5,4,5,5,5,3,4,4,5,6,6,1,2,,1,2,3,3,3,3,3,4,2,2,2,3,4,2,2,4,2,2,2,1,5,2,6,2,2,6,6,6,5,3,6,6,2,5,2,2,2,2,2,2,2,2,4,3,4,3,4,4,2,4,4,4,1,2,1,2,2,3,2,2,3,2,3,2,2,2,1,1,1,2,1,1,1,1,2,1,1,3,1,2,1,2,2,2,3,2,2,3,4,1,1,1,3,2,1,1,1,4,4,1,4,4,2,4,3,4,4,2,2,4,3,2,5,5,5,4,3,2,3,3,5,5,3,2,2,2,2,2,2,5,2,3,4,4,4,4,4,2,1,2,1,5,5,5,5,5